account_id,tenure_years,seat_tier,seat_count,total_annual_ticket_spend,games_scheduled,games_attended,ticket_utilization_pct,secondary_resale_pct,total_season_concession_spend,rep_touchpoints_count,complaints_logged,customer_satisfaction_score,team_wins_attended,churned
NFL-STH-10000,2,Lower Bowl,2,3362,9,8,88.9,11.1,1378.88,5,0,10.0,5,0
NFL-STH-10001,13,Lower Bowl,2,3422,9,9,100.0,0.0,1000.44,2,0,9.0,6,0
NFL-STH-10002,6,Upper Bowl,4,3357,9,3,33.3,79.0,491.88,2,0,6.0,2,0
NFL-STH-10003,4,Lower Bowl,4,6679,9,8,88.9,20.9,2242.4,2,0,10.0,6,0
NFL-STH-10004,1,Lower Bowl,4,6628,9,7,77.8,8.2,1403.15,1,0,9.0,6,0
NFL-STH-10005,1,Upper Bowl,4,3654,9,6,66.7,39.2,964.92,4,0,9.0,3,0
NFL-STH-10006,1,Lower Bowl,4,6949,9,4,44.4,53.5,688.24,5,0,9.0,2,0
NFL-STH-10007,9,Upper Bowl,4,3236,9,6,66.7,34.1,535.44,5,0,10.0,3,0
NFL-STH-10008,4,Club VIP,2,6727,9,9,100.0,0.0,2325.06,5,0,,4,0
NFL-STH-10009,5,Lower Bowl,2,3064,9,9,100.0,0.0,1066.32,3,0,10.0,7,0
NFL-STH-10010,1,Club VIP,2,6606,9,8,88.9,3.8,2000.88,5,0,9.0,5,0
NFL-STH-10011,15,Club VIP,8,25424,9,8,88.9,28.6,7651.36,3,2,7.0,6,0
NFL-STH-10012,8,Upper Bowl,6,5079,9,6,66.7,43.7,1088.52,0,0,9.0,2,0
NFL-STH-10013,1,Club VIP,2,6418,9,9,100.0,0.0,2139.66,2,0,,4,0
NFL-STH-10014,1,Lower Bowl,4,6676,9,7,77.8,14.8,1302.07,2,0,8.0,5,0
NFL-STH-10015,1,Lower Bowl,6,9601,9,8,88.9,0.0,4121.52,3,0,,5,0
NFL-STH-10016,2,Lower Bowl,2,3391,9,4,44.4,51.7,357.28,3,0,10.0,0,0
NFL-STH-10017,3,Upper Bowl,4,3436,9,6,66.7,37.6,913.02,4,0,10.0,3,0
NFL-STH-10018,3,Club VIP,6,18436,9,3,33.3,69.1,1690.98,4,1,7.0,1,0
NFL-STH-10019,2,Upper Bowl,2,1814,9,6,66.7,45.8,548.46,3,0,7.0,4,0
NFL-STH-10020,4,Upper Bowl,4,3375,9,8,88.9,19.0,1173.92,2,0,9.0,6,0
NFL-STH-10021,1,Lower Bowl,2,3247,9,6,66.7,43.0,686.64,2,0,10.0,2,0
NFL-STH-10022,2,Upper Bowl,6,5369,9,7,77.8,25.5,2038.33,4,0,9.0,3,0
NFL-STH-10023,2,Club VIP,8,25596,9,8,88.9,0.0,7727.12,3,0,7.0,4,0
NFL-STH-10024,3,Lower Bowl,6,9201,9,3,33.3,64.7,1309.5,0,0,9.0,2,0
NFL-STH-10025,7,Lower Bowl,2,3219,9,9,100.0,0.0,905.04,4,0,9.0,5,0
NFL-STH-10026,1,Upper Bowl,4,3711,9,7,77.8,32.8,726.67,3,0,,3,0
NFL-STH-10027,3,Upper Bowl,4,3557,9,7,77.8,21.7,1150.03,2,1,7.0,5,0
NFL-STH-10028,4,Lower Bowl,2,3362,9,7,77.8,27.2,843.01,1,0,8.0,4,0
NFL-STH-10029,1,Upper Bowl,4,3552,9,8,88.9,7.9,1480.48,3,1,8.0,3,0
NFL-STH-10030,4,Lower Bowl,2,3135,9,9,100.0,0.0,1148.4,3,0,10.0,6,0
NFL-STH-10031,1,Lower Bowl,4,6481,9,9,100.0,0.0,2450.7,2,0,9.0,5,0
NFL-STH-10032,1,Lower Bowl,2,3400,9,5,55.6,34.1,406.5,1,1,6.0,2,0
NFL-STH-10033,12,Upper Bowl,2,1640,9,9,100.0,0.0,1059.93,3,0,,0,0
NFL-STH-10034,14,Upper Bowl,2,1685,9,9,100.0,0.0,690.48,5,1,,5,0
NFL-STH-10035,7,Lower Bowl,4,6345,9,7,77.8,21.0,2113.02,4,0,8.0,4,0
NFL-STH-10036,2,Club VIP,2,6494,9,7,77.8,25.3,1387.4,3,0,10.0,3,0
NFL-STH-10037,1,Lower Bowl,4,7021,9,8,88.9,4.5,2227.84,4,0,9.0,3,0
NFL-STH-10038,5,Lower Bowl,2,3072,9,7,77.8,19.8,636.37,6,0,,3,0
NFL-STH-10039,3,Lower Bowl,2,3288,9,8,88.9,1.7,1148.48,4,2,8.0,5,0
NFL-STH-10040,1,Upper Bowl,2,1660,9,5,55.6,55.6,364.4,2,1,7.0,3,0
NFL-STH-10041,3,Lower Bowl,4,7011,9,6,66.7,30.4,1570.5,2,0,,3,0
NFL-STH-10042,1,Lower Bowl,2,3094,9,7,77.8,36.7,1056.58,2,0,,2,0
NFL-STH-10043,10,Club VIP,4,12934,9,9,100.0,0.0,3210.75,2,0,9.0,3,0
NFL-STH-10044,2,Upper Bowl,4,3606,9,7,77.8,37.5,928.34,2,0,9.0,5,0
NFL-STH-10045,5,Upper Bowl,4,3589,9,8,88.9,10.3,1426.32,2,0,10.0,5,0
NFL-STH-10046,2,Club VIP,2,6485,9,5,55.6,34.3,1724.55,2,0,8.0,3,0
NFL-STH-10047,3,Upper Bowl,2,1703,9,4,44.4,34.7,308.96,1,0,8.0,0,0
NFL-STH-10048,4,Lower Bowl,4,6461,9,7,77.8,7.5,2068.29,2,0,9.0,3,0
NFL-STH-10049,1,Club VIP,2,6333,9,8,88.9,0.0,1877.2,1,1,,5,0
NFL-STH-10050,14,Lower Bowl,4,6277,9,7,77.8,36.0,2635.71,4,1,8.0,6,0
NFL-STH-10051,6,Lower Bowl,2,3271,9,6,66.7,34.5,465.48,1,1,8.0,3,0
NFL-STH-10052,12,Lower Bowl,6,9506,9,9,100.0,0.0,3586.68,4,1,9.0,7,0
NFL-STH-10053,10,Upper Bowl,4,3376,9,6,66.7,37.2,569.88,2,0,9.0,2,0
NFL-STH-10054,4,Upper Bowl,8,7129,9,9,100.0,0.0,1075.23,1,0,10.0,4,0
NFL-STH-10055,11,Upper Bowl,2,1861,9,7,77.8,0.0,601.65,4,0,10.0,4,0
NFL-STH-10056,1,Lower Bowl,4,6659,9,9,100.0,0.0,2415.33,4,1,9.0,5,0
NFL-STH-10057,1,Lower Bowl,2,3076,9,8,88.9,0.0,971.6,4,2,7.0,3,0
NFL-STH-10058,1,Upper Bowl,2,1634,9,6,66.7,42.2,467.28,2,0,10.0,4,0
NFL-STH-10059,2,Lower Bowl,4,6993,9,7,77.8,25.1,3121.3,2,1,10.0,5,0
NFL-STH-10060,2,Club VIP,4,12730,9,8,88.9,9.6,3633.44,2,0,10.0,2,0
NFL-STH-10061,2,Lower Bowl,8,12336,9,4,44.4,61.2,2324.84,2,0,7.0,1,0
NFL-STH-10062,8,Upper Bowl,4,3535,9,8,88.9,27.5,1072.24,2,0,,3,0
NFL-STH-10063,2,Lower Bowl,2,3339,9,8,88.9,8.9,1110.88,5,0,9.0,6,0
NFL-STH-10064,2,Club VIP,2,6702,9,9,100.0,0.0,2052.81,1,0,10.0,7,0
NFL-STH-10065,4,Upper Bowl,4,3366,9,8,88.9,11.8,1148.64,1,0,10.0,7,0
NFL-STH-10066,1,Lower Bowl,2,3047,9,7,77.8,24.1,1291.99,5,0,7.0,5,0
NFL-STH-10067,7,Lower Bowl,2,3503,9,7,77.8,46.1,1157.24,3,0,9.0,3,0
NFL-STH-10068,1,Lower Bowl,2,3160,9,7,77.8,1.2,938.7,2,0,9.0,5,0
NFL-STH-10069,18,Lower Bowl,2,3364,9,9,100.0,0.0,547.83,4,0,9.0,4,0
NFL-STH-10070,6,Upper Bowl,2,1795,9,9,100.0,0.0,655.02,2,0,10.0,6,0
NFL-STH-10071,1,Lower Bowl,2,3332,9,8,88.9,17.9,1688.72,3,0,9.0,5,0
NFL-STH-10072,1,Lower Bowl,2,3190,9,4,44.4,54.5,492.32,3,0,8.0,0,1
NFL-STH-10073,7,Upper Bowl,2,1684,9,2,22.2,83.5,204.12,4,1,8.0,2,1
NFL-STH-10074,5,Upper Bowl,8,7069,9,6,66.7,26.7,2612.16,4,0,,4,1
NFL-STH-10075,6,Upper Bowl,2,1835,9,8,88.9,10.6,675.04,2,0,9.0,5,0
NFL-STH-10076,6,Lower Bowl,2,3494,9,4,44.4,62.7,419.0,2,1,,3,1
NFL-STH-10077,1,Lower Bowl,4,6181,9,9,100.0,0.0,1024.92,1,1,10.0,5,0
NFL-STH-10078,2,Upper Bowl,2,1654,9,6,66.7,64.4,562.08,6,1,,4,0
NFL-STH-10079,1,Upper Bowl,6,5567,9,3,33.3,74.8,573.33,4,0,7.0,1,1
NFL-STH-10080,8,Club VIP,4,13574,9,9,100.0,0.0,4478.58,3,0,,4,0
NFL-STH-10081,4,Club VIP,2,6927,9,9,100.0,0.0,1597.59,2,0,9.0,5,0
NFL-STH-10082,2,Lower Bowl,2,3137,9,5,55.6,35.9,610.2,2,0,9.0,5,0
NFL-STH-10083,1,Upper Bowl,4,3529,9,9,100.0,0.0,1452.15,2,1,10.0,5,0
NFL-STH-10084,2,Lower Bowl,6,10129,9,8,88.9,6.9,3313.36,5,0,,7,0
NFL-STH-10085,2,Lower Bowl,2,3366,9,9,100.0,0.0,869.04,1,0,9.0,5,0
NFL-STH-10086,6,Club VIP,4,12943,9,8,88.9,6.6,4797.52,3,0,,4,0
NFL-STH-10087,5,Upper Bowl,2,1618,9,7,77.8,4.2,476.42,1,0,10.0,5,0
NFL-STH-10088,9,Upper Bowl,8,7054,9,7,77.8,18.9,1302.28,1,0,,3,0
NFL-STH-10089,3,Lower Bowl,2,3161,9,3,33.3,74.0,380.19,7,0,,0,0
NFL-STH-10090,1,Upper Bowl,6,5189,9,7,77.8,9.5,1694.42,6,1,9.0,3,0
NFL-STH-10091,5,Upper Bowl,4,3718,9,5,55.6,54.9,832.1,1,2,6.0,3,0
NFL-STH-10092,6,Lower Bowl,4,6463,9,8,88.9,16.0,2733.84,5,0,,4,0
NFL-STH-10093,4,Lower Bowl,2,3443,9,8,88.9,3.8,983.28,3,0,8.0,2,0
NFL-STH-10094,6,Lower Bowl,2,3130,9,9,100.0,0.0,1137.69,2,0,10.0,6,0
NFL-STH-10095,3,Upper Bowl,2,1786,9,5,55.6,43.0,289.7,3,0,8.0,2,0
NFL-STH-10096,3,Lower Bowl,2,3508,9,6,66.7,49.3,927.72,3,1,8.0,6,0
NFL-STH-10097,3,Upper Bowl,2,1640,9,7,77.8,29.5,585.83,4,0,9.0,7,0
NFL-STH-10098,1,Upper Bowl,4,3234,9,5,55.6,44.5,716.0,6,0,9.0,2,0
NFL-STH-10099,1,Lower Bowl,2,3248,9,7,77.8,19.8,510.02,3,0,9.0,3,0
NFL-STH-10100,1,Upper Bowl,2,1638,9,7,77.8,23.0,762.23,3,0,9.0,3,0
NFL-STH-10101,5,Lower Bowl,6,10197,9,8,88.9,6.0,2236.08,5,0,10.0,2,0
NFL-STH-10102,2,Lower Bowl,4,6957,9,7,77.8,1.2,1571.64,0,0,8.0,5,0
NFL-STH-10103,3,Upper Bowl,6,5177,9,3,33.3,85.0,784.5,5,0,,2,0
NFL-STH-10104,10,Upper Bowl,8,6723,9,6,66.7,34.9,1345.68,2,0,8.0,2,0
NFL-STH-10105,2,Lower Bowl,2,3248,9,8,88.9,15.1,681.52,1,0,,6,0
NFL-STH-10106,3,Upper Bowl,2,1799,9,6,66.7,32.7,225.12,4,1,8.0,3,0
NFL-STH-10107,6,Upper Bowl,4,3234,9,9,100.0,0.0,1699.56,4,0,9.0,5,0
NFL-STH-10108,2,Lower Bowl,4,6645,9,7,77.8,14.8,1591.03,5,0,8.0,6,0
NFL-STH-10109,1,Upper Bowl,2,1771,9,6,66.7,31.4,831.3,2,0,8.0,4,0
NFL-STH-10110,2,Club VIP,4,13384,9,8,88.9,0.0,3044.48,2,0,10.0,4,0
NFL-STH-10111,1,Lower Bowl,2,3156,9,7,77.8,45.0,716.52,4,1,,2,0
NFL-STH-10112,11,Lower Bowl,2,3382,9,8,88.9,0.0,904.32,4,3,6.0,4,0
NFL-STH-10113,7,Upper Bowl,2,1638,9,5,55.6,34.1,424.3,3,0,,2,0
NFL-STH-10114,5,Upper Bowl,4,3331,9,7,77.8,17.8,988.33,1,0,10.0,4,0
NFL-STH-10115,9,Lower Bowl,4,6922,9,9,100.0,0.0,2670.66,1,0,10.0,6,0
NFL-STH-10116,7,Lower Bowl,2,3394,9,5,55.6,57.3,503.2,1,0,7.0,4,0
NFL-STH-10117,1,Upper Bowl,4,3237,9,8,88.9,11.2,837.92,1,0,10.0,5,0
NFL-STH-10118,9,Club VIP,2,6318,9,9,100.0,0.0,1350.81,4,1,9.0,8,0
NFL-STH-10119,4,Upper Bowl,2,1669,9,7,77.8,9.8,248.71,3,0,10.0,5,0
NFL-STH-10120,7,Upper Bowl,4,3368,9,8,88.9,23.6,1114.24,4,0,10.0,5,0
NFL-STH-10121,10,Lower Bowl,6,9476,9,9,100.0,0.0,3266.19,3,0,9.0,5,0
NFL-STH-10122,2,Upper Bowl,4,3261,9,5,55.6,51.7,673.7,3,0,8.0,5,0
NFL-STH-10123,1,Lower Bowl,4,6520,9,7,77.8,27.6,2342.2,3,0,9.0,4,0
NFL-STH-10124,2,Upper Bowl,4,3603,9,4,44.4,62.8,836.48,0,0,8.0,2,0
NFL-STH-10125,3,Upper Bowl,4,3539,9,5,55.6,68.3,733.05,6,0,9.0,4,0
NFL-STH-10126,7,Upper Bowl,2,1786,9,5,55.6,66.3,220.6,4,0,7.0,1,0
NFL-STH-10127,8,Lower Bowl,2,3078,9,8,88.9,4.2,904.0,1,0,10.0,6,0
NFL-STH-10128,1,Upper Bowl,2,1857,9,7,77.8,38.4,476.0,6,1,8.0,2,0
NFL-STH-10129,3,Lower Bowl,2,3442,9,7,77.8,26.0,772.03,1,0,10.0,7,0
NFL-STH-10130,3,Lower Bowl,4,6852,9,5,55.6,49.4,1090.7,3,0,,1,0
NFL-STH-10131,2,Club VIP,2,6870,9,7,77.8,5.3,1451.31,6,0,9.0,6,0
NFL-STH-10132,1,Lower Bowl,2,3487,9,8,88.9,9.4,947.2,3,0,9.0,3,0
NFL-STH-10133,2,Lower Bowl,2,3301,9,5,55.6,36.3,554.65,1,0,8.0,3,0
NFL-STH-10134,12,Upper Bowl,4,3332,9,9,100.0,0.0,1514.97,4,0,,4,0
NFL-STH-10135,2,Upper Bowl,2,1772,9,7,77.8,30.5,610.47,1,1,8.0,4,0
NFL-STH-10136,3,Club VIP,4,13586,9,7,77.8,32.9,2722.58,4,1,7.0,6,0
NFL-STH-10137,5,Upper Bowl,2,1803,9,4,44.4,34.9,421.68,5,0,10.0,1,0
NFL-STH-10138,2,Lower Bowl,2,3290,9,9,100.0,0.0,905.4,1,0,,7,0
NFL-STH-10139,15,Upper Bowl,4,3264,9,3,33.3,66.5,285.87,2,0,,0,0
NFL-STH-10140,14,Upper Bowl,4,3419,9,3,33.3,77.9,525.69,5,0,8.0,3,0
NFL-STH-10141,2,Lower Bowl,2,3481,9,9,100.0,0.0,949.32,9,0,10.0,5,0
NFL-STH-10142,3,Upper Bowl,4,3528,9,7,77.8,20.3,1209.95,5,0,7.0,3,0
NFL-STH-10143,2,Lower Bowl,4,6596,9,4,44.4,62.9,463.12,4,0,6.0,2,0
NFL-STH-10144,2,Lower Bowl,2,3169,9,5,55.6,47.9,858.85,4,1,,4,0
NFL-STH-10145,1,Upper Bowl,4,3417,9,5,55.6,47.8,934.45,4,0,8.0,2,0
NFL-STH-10146,4,Lower Bowl,4,6939,9,9,100.0,0.0,1529.73,3,1,10.0,4,0
NFL-STH-10147,3,Lower Bowl,4,6719,9,8,88.9,8.4,1370.16,2,0,8.0,2,0
NFL-STH-10148,1,Lower Bowl,4,6835,9,7,77.8,10.0,2522.38,2,0,10.0,4,0
NFL-STH-10149,2,Upper Bowl,4,3461,9,7,77.8,11.0,913.5,7,0,,4,0
NFL-STH-10150,10,Lower Bowl,4,6685,9,9,100.0,0.0,1889.55,4,0,9.0,5,0
NFL-STH-10151,2,Lower Bowl,4,6318,9,9,100.0,0.0,1116.36,3,0,9.0,6,0
NFL-STH-10152,1,Upper Bowl,4,3589,9,7,77.8,29.3,1021.79,1,0,,3,0
NFL-STH-10153,3,Upper Bowl,4,3448,9,7,77.8,22.4,1056.23,1,0,8.0,4,0
NFL-STH-10154,17,Club VIP,4,13009,9,9,100.0,0.0,4963.95,2,1,7.0,5,0
NFL-STH-10155,2,Lower Bowl,4,6703,9,7,77.8,20.8,1232.42,2,0,,4,0
NFL-STH-10156,5,Club VIP,2,6978,9,8,88.9,6.9,1311.92,4,0,9.0,4,0
NFL-STH-10157,6,Lower Bowl,4,6141,9,8,88.9,8.0,2296.48,3,0,9.0,2,0
NFL-STH-10158,2,Lower Bowl,4,6871,9,8,88.9,21.6,2563.2,4,0,9.0,4,0
NFL-STH-10159,6,Upper Bowl,2,1689,9,6,66.7,29.9,291.48,6,0,,3,0
NFL-STH-10160,2,Upper Bowl,4,3456,9,5,55.6,31.0,1016.3,2,0,6.0,2,0
NFL-STH-10161,5,Upper Bowl,2,1620,9,9,100.0,0.0,726.75,5,0,10.0,4,0
NFL-STH-10162,5,Lower Bowl,2,3184,9,8,88.9,18.5,1302.0,1,1,9.0,7,0
NFL-STH-10163,4,Upper Bowl,4,3486,9,5,55.6,42.4,785.95,4,0,8.0,4,0
NFL-STH-10164,1,Lower Bowl,2,3066,9,2,22.2,78.1,108.66,2,0,7.0,2,1
NFL-STH-10165,8,Upper Bowl,4,3480,9,8,88.9,27.2,1231.36,5,0,10.0,5,0
NFL-STH-10166,2,Upper Bowl,4,3702,9,7,77.8,22.0,1416.87,2,1,7.0,3,0
NFL-STH-10167,1,Club VIP,2,6181,9,8,88.9,14.0,1562.48,4,2,8.0,5,0
NFL-STH-10168,1,Upper Bowl,2,1809,9,6,66.7,21.5,433.44,2,0,8.0,4,0
NFL-STH-10169,4,Lower Bowl,2,3236,9,8,88.9,8.9,997.76,6,0,9.0,3,0
NFL-STH-10170,5,Upper Bowl,4,3564,9,5,55.6,50.5,220.1,2,0,9.0,2,0
NFL-STH-10171,1,Club VIP,8,25319,9,9,100.0,0.0,11648.43,0,1,8.0,4,0
NFL-STH-10172,3,Lower Bowl,4,6233,9,8,88.9,0.0,1647.36,2,0,9.0,5,0
NFL-STH-10173,2,Upper Bowl,2,1655,9,4,44.4,57.6,360.44,3,0,9.0,3,0
NFL-STH-10174,5,Lower Bowl,4,6147,9,9,100.0,0.0,2293.2,2,1,9.0,8,0
NFL-STH-10175,1,Upper Bowl,2,1662,9,5,55.6,45.4,525.75,4,0,8.0,4,0
NFL-STH-10176,5,Lower Bowl,4,6717,9,9,100.0,0.0,2559.24,2,1,9.0,6,0
NFL-STH-10177,2,Upper Bowl,2,1839,9,3,33.3,67.1,225.9,2,0,8.0,2,0
NFL-STH-10178,12,Upper Bowl,4,3645,9,6,66.7,43.7,745.56,4,0,8.0,5,0
NFL-STH-10179,1,Lower Bowl,2,3368,9,8,88.9,14.4,1231.52,1,0,10.0,6,0
NFL-STH-10180,2,Lower Bowl,6,9279,9,9,100.0,0.0,1992.51,1,0,,6,0
NFL-STH-10181,1,Lower Bowl,2,3178,9,7,77.8,37.0,1045.66,4,0,10.0,3,0
NFL-STH-10182,11,Club VIP,4,12754,9,9,100.0,0.0,3330.9,3,0,10.0,5,0
NFL-STH-10183,9,Lower Bowl,6,9479,9,8,88.9,1.2,4021.68,8,0,10.0,4,0
NFL-STH-10184,2,Upper Bowl,2,1746,9,6,66.7,34.7,499.38,1,0,,4,0
NFL-STH-10185,5,Upper Bowl,6,5254,9,7,77.8,23.0,1950.55,4,0,9.0,4,0
NFL-STH-10186,7,Upper Bowl,4,3412,9,6,66.7,22.6,979.68,2,0,10.0,5,0
NFL-STH-10187,4,Upper Bowl,2,1705,9,9,100.0,0.0,404.55,2,0,10.0,6,0
NFL-STH-10188,4,Upper Bowl,2,1826,9,7,77.8,31.8,439.53,3,0,10.0,2,0
NFL-STH-10189,2,Upper Bowl,4,3632,9,8,88.9,34.3,1495.2,4,0,10.0,2,0
NFL-STH-10190,1,Lower Bowl,2,3187,9,8,88.9,10.9,1080.0,3,0,9.0,4,0
NFL-STH-10191,10,Upper Bowl,4,3696,9,7,77.8,27.3,1450.68,4,1,7.0,2,0
NFL-STH-10192,10,Upper Bowl,2,1857,9,6,66.7,34.1,528.42,5,1,,3,0
NFL-STH-10193,5,Lower Bowl,4,6393,9,8,88.9,4.0,1616.0,5,0,,7,0
NFL-STH-10194,2,Club VIP,2,6420,9,9,100.0,0.0,1801.8,2,1,,1,0
NFL-STH-10195,2,Lower Bowl,4,6565,9,7,77.8,4.0,1863.26,5,1,6.0,6,0
NFL-STH-10196,6,Lower Bowl,8,13966,9,4,44.4,48.5,969.24,3,1,8.0,2,0
NFL-STH-10197,10,Upper Bowl,6,5515,9,4,44.4,41.7,1361.64,5,0,,3,0
NFL-STH-10198,9,Lower Bowl,4,6178,9,7,77.8,39.2,2005.5,3,0,8.0,4,0
NFL-STH-10199,7,Lower Bowl,2,3228,9,7,77.8,21.0,1167.67,6,0,9.0,3,0
NFL-STH-10200,5,Upper Bowl,4,3512,9,9,100.0,0.0,871.02,1,0,10.0,5,0
NFL-STH-10201,1,Club VIP,2,6563,9,8,88.9,7.6,2417.84,1,0,,5,0
NFL-STH-10202,1,Lower Bowl,2,3133,9,7,77.8,31.1,1378.58,4,0,9.0,4,0
NFL-STH-10203,10,Club VIP,2,6904,9,7,77.8,11.0,1217.72,3,0,,4,0
NFL-STH-10204,4,Upper Bowl,2,1787,9,4,44.4,47.9,381.72,7,0,9.0,0,0
NFL-STH-10205,1,Upper Bowl,4,3657,9,3,33.3,67.4,480.12,2,0,,1,0
NFL-STH-10206,1,Lower Bowl,4,6904,9,5,55.6,54.7,836.65,0,0,8.0,3,1
NFL-STH-10207,5,Upper Bowl,2,1805,9,9,100.0,0.0,808.74,2,1,8.0,6,0
NFL-STH-10208,1,Lower Bowl,2,3250,9,6,66.7,38.3,930.06,3,0,9.0,2,0
NFL-STH-10209,1,Upper Bowl,8,7082,9,7,77.8,24.7,1903.37,2,0,8.0,5,0
NFL-STH-10210,4,Upper Bowl,2,1655,9,9,100.0,0.0,929.88,3,0,9.0,6,0
NFL-STH-10211,5,Upper Bowl,2,1786,9,6,66.7,34.1,279.96,3,0,7.0,4,0
NFL-STH-10212,5,Club VIP,2,6252,9,9,100.0,0.0,1487.34,1,0,10.0,3,0
NFL-STH-10213,2,Upper Bowl,4,3583,9,6,66.7,37.3,992.76,4,1,8.0,5,1
NFL-STH-10214,5,Upper Bowl,4,3347,9,8,88.9,13.1,1288.16,4,0,,6,0
NFL-STH-10215,2,Lower Bowl,2,3096,9,8,88.9,0.8,868.0,4,0,10.0,4,0
NFL-STH-10216,2,Upper Bowl,2,1657,9,4,44.4,56.1,384.76,3,1,6.0,3,0
NFL-STH-10217,6,Lower Bowl,4,6081,9,7,77.8,11.5,2042.95,2,0,8.0,4,0
NFL-STH-10218,5,Upper Bowl,4,3596,9,5,55.6,45.2,971.65,2,0,9.0,3,0
NFL-STH-10219,8,Club VIP,2,6783,9,8,88.9,6.3,1870.72,2,0,,5,0
NFL-STH-10220,5,Upper Bowl,6,5238,9,7,77.8,47.6,1933.05,0,0,8.0,5,0
NFL-STH-10221,4,Lower Bowl,2,3117,9,6,66.7,32.9,699.78,4,0,10.0,5,0
NFL-STH-10222,1,Club VIP,2,6160,9,9,100.0,0.0,3084.21,2,0,9.0,4,0
NFL-STH-10223,2,Lower Bowl,6,9147,9,6,66.7,19.3,1901.22,4,0,9.0,2,0
NFL-STH-10224,2,Club VIP,2,6239,9,9,100.0,0.0,3107.34,2,1,,6,0
NFL-STH-10225,2,Lower Bowl,4,6935,9,8,88.9,9.8,2096.72,7,0,9.0,6,0
NFL-STH-10226,15,Lower Bowl,2,3155,9,9,100.0,0.0,798.57,5,1,10.0,7,0
NFL-STH-10227,2,Lower Bowl,2,3210,9,5,55.6,49.6,855.2,3,0,7.0,2,0
NFL-STH-10228,9,Lower Bowl,8,12362,9,8,88.9,27.8,4280.88,1,0,10.0,4,0
NFL-STH-10229,4,Lower Bowl,2,3146,9,6,66.7,27.4,933.18,4,0,8.0,4,0
NFL-STH-10230,7,Upper Bowl,4,3494,9,7,77.8,6.4,1462.65,1,0,8.0,3,0
NFL-STH-10231,3,Club VIP,2,6663,9,9,100.0,0.0,2312.1,2,0,10.0,4,0
NFL-STH-10232,4,Upper Bowl,2,1677,9,5,55.6,52.6,340.8,2,0,7.0,1,0
NFL-STH-10233,3,Upper Bowl,2,1629,9,6,66.7,19.5,597.06,4,1,9.0,5,0
NFL-STH-10234,1,Upper Bowl,4,3429,9,6,66.7,28.9,960.18,5,0,,4,0
NFL-STH-10235,6,Lower Bowl,2,3152,9,6,66.7,30.7,903.48,2,0,,5,0
NFL-STH-10236,2,Upper Bowl,4,3341,9,8,88.9,10.4,590.8,2,2,,3,0
NFL-STH-10237,1,Lower Bowl,2,3500,9,5,55.6,51.3,717.05,2,0,9.0,2,0
NFL-STH-10238,5,Club VIP,6,20014,9,9,100.0,0.0,5617.89,3,0,10.0,5,0
NFL-STH-10239,1,Lower Bowl,2,3307,9,9,100.0,0.0,1616.4,4,0,9.0,7,0
NFL-STH-10240,12,Upper Bowl,4,3442,9,9,100.0,0.0,1664.28,1,0,10.0,6,0
NFL-STH-10241,13,Club VIP,4,12983,9,8,88.9,4.3,4031.92,4,0,10.0,5,0
NFL-STH-10242,10,Lower Bowl,4,6599,9,9,100.0,0.0,2602.62,5,0,,5,0
NFL-STH-10243,2,Upper Bowl,4,3585,9,8,88.9,8.4,960.48,1,0,,5,0
NFL-STH-10244,1,Upper Bowl,4,3588,9,6,66.7,33.2,1349.58,2,0,8.0,5,0
NFL-STH-10245,11,Lower Bowl,4,6244,9,8,88.9,12.6,3035.84,3,0,,4,0
NFL-STH-10246,3,Club VIP,2,6560,9,9,100.0,0.0,2336.85,1,1,,6,0
NFL-STH-10247,14,Upper Bowl,2,1720,9,5,55.6,45.4,559.05,3,1,9.0,3,0
NFL-STH-10248,14,Lower Bowl,6,10373,9,9,100.0,0.0,3049.02,4,0,8.0,7,0
NFL-STH-10249,8,Club VIP,4,13372,9,7,77.8,26.6,2802.03,4,0,9.0,3,0
NFL-STH-10250,2,Club VIP,4,13182,9,6,66.7,41.7,2904.54,3,1,9.0,3,0
NFL-STH-10251,2,Upper Bowl,2,1644,9,8,88.9,15.0,709.6,5,0,9.0,3,0
NFL-STH-10252,8,Upper Bowl,2,1769,9,8,88.9,15.6,576.96,1,0,10.0,4,0
NFL-STH-10253,2,Upper Bowl,2,1644,9,5,55.6,28.6,453.8,4,0,10.0,1,0
NFL-STH-10254,1,Upper Bowl,4,3401,9,7,77.8,22.7,1205.82,2,1,7.0,2,0
NFL-STH-10255,4,Lower Bowl,2,3108,9,5,55.6,49.2,500.25,1,0,8.0,3,0
NFL-STH-10256,12,Lower Bowl,2,3372,9,9,100.0,0.0,1310.04,4,3,5.0,3,0
NFL-STH-10257,5,Lower Bowl,2,3139,9,7,77.8,29.5,1091.37,3,0,,4,0
NFL-STH-10258,4,Lower Bowl,2,3228,9,7,77.8,15.3,945.98,2,0,8.0,4,0
NFL-STH-10259,1,Lower Bowl,4,6939,9,7,77.8,15.6,2304.12,2,0,9.0,6,0
NFL-STH-10260,4,Upper Bowl,2,1667,9,5,55.6,38.7,278.25,1,0,9.0,3,0
NFL-STH-10261,19,Upper Bowl,4,3488,9,7,77.8,27.6,1251.04,2,1,7.0,3,0
NFL-STH-10262,1,Upper Bowl,2,1721,9,6,66.7,43.6,339.54,4,2,6.0,2,0
NFL-STH-10263,3,Lower Bowl,2,3048,9,9,100.0,0.0,869.22,4,0,8.0,6,0
NFL-STH-10264,9,Upper Bowl,2,1817,9,7,77.8,18.1,471.66,6,2,7.0,4,0
NFL-STH-10265,6,Upper Bowl,2,1632,9,9,100.0,0.0,550.44,1,1,8.0,6,0
NFL-STH-10266,5,Lower Bowl,2,3267,9,6,66.7,42.4,681.36,4,0,9.0,3,0
NFL-STH-10267,5,Upper Bowl,2,1757,9,8,88.9,12.3,605.76,0,0,9.0,6,0
NFL-STH-10268,2,Lower Bowl,4,6683,9,7,77.8,21.0,2171.61,2,0,9.0,2,0
NFL-STH-10269,2,Lower Bowl,2,3370,9,9,100.0,0.0,1083.33,2,0,10.0,6,0
NFL-STH-10270,7,Club VIP,4,12646,9,9,100.0,0.0,2892.96,2,0,10.0,6,0
NFL-STH-10271,7,Lower Bowl,4,6089,9,8,88.9,9.0,2627.2,1,0,10.0,3,0
NFL-STH-10272,9,Lower Bowl,4,6774,9,9,100.0,0.0,1887.93,3,0,9.0,5,0
NFL-STH-10273,10,Upper Bowl,2,1751,9,9,100.0,0.0,709.47,5,1,9.0,8,0
NFL-STH-10274,3,Upper Bowl,2,1828,9,8,88.9,18.6,711.44,1,1,8.0,4,0
NFL-STH-10275,3,Upper Bowl,2,1824,9,5,55.6,47.7,419.95,2,0,,4,0
NFL-STH-10276,7,Upper Bowl,2,1830,9,9,100.0,0.0,916.92,5,0,10.0,2,0
NFL-STH-10277,5,Lower Bowl,8,13091,9,8,88.9,33.9,4619.84,2,0,8.0,4,0
NFL-STH-10278,5,Upper Bowl,2,1700,9,8,88.9,2.6,502.16,2,0,,5,0
NFL-STH-10279,7,Club VIP,2,6839,9,7,77.8,27.4,2442.51,4,0,8.0,4,0
NFL-STH-10280,9,Lower Bowl,4,6513,9,5,55.6,39.1,1358.3,2,0,,4,0
NFL-STH-10281,2,Lower Bowl,4,6256,9,6,66.7,24.6,1506.96,2,0,10.0,2,0
NFL-STH-10282,2,Lower Bowl,4,6900,9,7,77.8,22.1,2224.88,3,0,8.0,2,0
NFL-STH-10283,1,Club VIP,2,6927,9,9,100.0,0.0,2272.23,4,0,10.0,3,0
NFL-STH-10284,4,Club VIP,2,6527,9,9,100.0,0.0,2339.64,4,0,,6,0
NFL-STH-10285,1,Lower Bowl,2,3076,9,9,100.0,0.0,1842.93,4,1,9.0,6,0
NFL-STH-10286,3,Upper Bowl,2,1713,9,8,88.9,12.5,596.0,5,2,7.0,7,0
NFL-STH-10287,4,Lower Bowl,2,3425,9,8,88.9,40.3,963.76,2,0,9.0,4,0
NFL-STH-10288,2,Lower Bowl,2,3472,9,8,88.9,9.3,1068.0,0,0,8.0,4,0
NFL-STH-10289,4,Lower Bowl,2,3137,9,7,77.8,10.9,1135.05,3,0,10.0,4,0
NFL-STH-10290,1,Upper Bowl,2,1632,9,3,33.3,69.4,149.61,3,0,,1,0
NFL-STH-10291,1,Lower Bowl,2,3461,9,6,66.7,12.6,426.18,2,0,7.0,4,0
NFL-STH-10292,7,Lower Bowl,4,6453,9,6,66.7,32.4,1348.62,3,0,10.0,6,0
NFL-STH-10293,2,Lower Bowl,4,6600,9,5,55.6,44.6,809.8,5,2,7.0,4,1
NFL-STH-10294,1,Club VIP,4,14018,9,9,100.0,0.0,3937.68,1,0,6.0,6,0
NFL-STH-10295,3,Club VIP,2,6143,9,7,77.8,30.1,1855.84,2,1,7.0,6,0
NFL-STH-10296,6,Lower Bowl,2,3351,9,6,66.7,43.0,619.68,4,0,,3,0
NFL-STH-10297,1,Club VIP,2,6151,9,9,100.0,0.0,1517.94,2,0,9.0,6,0
NFL-STH-10298,4,Club VIP,4,12880,9,9,100.0,0.0,4382.37,0,0,8.0,6,0
NFL-STH-10299,1,Lower Bowl,4,6851,9,2,22.2,72.8,623.5,5,0,8.0,1,0
NFL-STH-10300,1,Upper Bowl,2,1725,9,7,77.8,20.7,322.7,0,0,9.0,5,0
NFL-STH-10301,4,Lower Bowl,6,10555,9,7,77.8,14.5,3246.74,2,0,10.0,3,0
NFL-STH-10302,4,Lower Bowl,2,3308,9,8,88.9,0.0,1236.16,3,0,,5,0
NFL-STH-10303,5,Lower Bowl,2,3194,9,9,100.0,0.0,1427.58,2,0,,5,0
NFL-STH-10304,6,Upper Bowl,4,3342,9,6,66.7,36.4,1252.44,6,0,,1,0
NFL-STH-10305,15,Lower Bowl,4,6416,9,8,88.9,0.0,3136.96,5,1,8.0,7,0
NFL-STH-10306,3,Club VIP,4,12875,9,7,77.8,18.1,3110.73,3,0,8.0,4,0
NFL-STH-10307,2,Upper Bowl,4,3265,9,2,22.2,67.8,328.76,4,0,8.0,0,1
NFL-STH-10308,7,Club VIP,2,6434,9,6,66.7,38.8,1315.08,5,0,9.0,3,0
NFL-STH-10309,2,Lower Bowl,4,6525,9,9,100.0,0.0,2341.08,2,1,8.0,6,0
NFL-STH-10310,3,Lower Bowl,2,3386,9,5,55.6,62.4,879.95,2,0,9.0,3,0
NFL-STH-10311,1,Upper Bowl,4,3564,9,5,55.6,31.4,531.0,4,0,,2,1
NFL-STH-10312,1,Lower Bowl,2,3380,9,6,66.7,14.8,625.02,4,0,9.0,2,0
NFL-STH-10313,14,Upper Bowl,4,3234,9,8,88.9,9.9,1720.72,7,0,9.0,7,0
NFL-STH-10314,8,Upper Bowl,2,1670,9,6,66.7,33.5,602.4,6,0,7.0,5,0
NFL-STH-10315,5,Club VIP,4,13430,9,4,44.4,57.8,1774.76,4,2,8.0,3,0
NFL-STH-10316,3,Lower Bowl,2,3272,9,4,44.4,51.1,622.52,3,1,8.0,3,0
NFL-STH-10317,1,Lower Bowl,4,6085,9,6,66.7,31.3,1682.82,5,0,7.0,4,0
NFL-STH-10318,1,Lower Bowl,2,3426,9,9,100.0,0.0,1575.09,2,0,,6,0
NFL-STH-10319,2,Lower Bowl,2,3410,9,6,66.7,37.0,793.44,6,0,10.0,4,0
NFL-STH-10320,4,Upper Bowl,2,1754,9,6,66.7,43.7,603.06,2,0,10.0,5,0
NFL-STH-10321,6,Upper Bowl,2,1631,9,7,77.8,2.6,929.88,6,1,8.0,2,0
NFL-STH-10322,5,Upper Bowl,4,3620,9,6,66.7,29.6,1103.52,3,0,9.0,5,0
NFL-STH-10323,2,Lower Bowl,2,3320,9,7,77.8,24.3,920.36,2,0,8.0,5,0
NFL-STH-10324,13,Upper Bowl,8,7257,9,7,77.8,13.0,2644.6,5,0,10.0,5,0
NFL-STH-10325,6,Upper Bowl,2,1806,9,7,77.8,39.5,508.83,3,1,8.0,2,0
NFL-STH-10326,4,Upper Bowl,2,1819,9,3,33.3,60.3,383.28,2,0,,1,0
NFL-STH-10327,4,Club VIP,4,13154,9,7,77.8,21.8,3486.07,2,0,,3,0
NFL-STH-10328,3,Upper Bowl,4,3301,9,8,88.9,16.7,1192.64,1,0,,6,0
NFL-STH-10329,2,Club VIP,2,6724,9,9,100.0,0.0,1783.98,4,0,10.0,3,0
NFL-STH-10330,2,Lower Bowl,4,6675,9,8,88.9,5.2,2606.64,2,2,8.0,5,0
NFL-STH-10331,6,Club VIP,4,13585,9,4,44.4,37.1,2266.88,3,0,6.0,3,0
NFL-STH-10332,1,Upper Bowl,2,1658,9,6,66.7,29.0,420.3,2,0,9.0,3,0
NFL-STH-10333,1,Upper Bowl,8,6658,9,6,66.7,43.6,2196.72,3,0,,2,0
NFL-STH-10334,1,Club VIP,8,27739,9,9,100.0,0.0,5924.61,2,1,,4,0
NFL-STH-10335,1,Lower Bowl,4,6799,9,6,66.7,29.9,1626.6,0,0,,2,0
NFL-STH-10336,8,Lower Bowl,2,3475,9,8,88.9,2.6,1148.64,2,0,9.0,2,0
NFL-STH-10337,5,Lower Bowl,4,6808,9,9,100.0,0.0,3261.96,3,0,10.0,6,0
NFL-STH-10338,3,Club VIP,2,6653,9,9,100.0,0.0,1813.14,1,0,,5,0
NFL-STH-10339,1,Lower Bowl,2,3353,9,7,77.8,31.5,641.55,2,0,7.0,7,0
NFL-STH-10340,3,Upper Bowl,2,1841,9,8,88.9,7.8,496.72,3,1,8.0,3,0
NFL-STH-10341,3,Club VIP,2,6635,9,7,77.8,17.1,1212.19,1,0,10.0,5,0
NFL-STH-10342,1,Club VIP,4,13374,9,9,100.0,0.0,5523.03,4,0,,3,0
NFL-STH-10343,3,Lower Bowl,4,6230,9,6,66.7,34.8,2117.52,1,2,,4,1
NFL-STH-10344,3,Upper Bowl,4,3471,9,5,55.6,52.1,864.05,5,0,10.0,3,0
NFL-STH-10345,4,Upper Bowl,2,1797,9,5,55.6,68.2,522.15,1,0,9.0,5,0
NFL-STH-10346,5,Upper Bowl,2,1684,9,6,66.7,41.6,496.08,1,0,9.0,4,0
NFL-STH-10347,1,Lower Bowl,2,3137,9,6,66.7,44.9,762.9,5,0,,2,0
NFL-STH-10348,2,Lower Bowl,8,12762,9,9,100.0,0.0,4320.36,0,0,,8,0
NFL-STH-10349,4,Club VIP,2,6311,9,8,88.9,6.0,1795.84,2,1,8.0,5,0
NFL-STH-10350,3,Upper Bowl,4,3339,9,6,66.7,23.0,588.54,2,1,9.0,5,0
NFL-STH-10351,8,Upper Bowl,4,3446,9,7,77.8,22.8,1193.99,4,0,9.0,4,0
NFL-STH-10352,5,Upper Bowl,2,1846,9,8,88.9,12.2,633.52,2,0,9.0,6,0
NFL-STH-10353,1,Upper Bowl,4,3488,9,4,44.4,44.8,759.24,4,0,9.0,3,0
NFL-STH-10354,1,Upper Bowl,2,1662,9,6,66.7,31.5,491.22,5,0,8.0,2,0
NFL-STH-10355,5,Club VIP,4,12307,9,8,88.9,15.1,3709.84,2,0,,5,0
NFL-STH-10356,1,Upper Bowl,6,5377,9,6,66.7,36.9,1126.38,3,0,8.0,4,0
NFL-STH-10357,4,Club VIP,2,6447,9,9,100.0,0.0,2192.49,4,2,,5,0
NFL-STH-10358,12,Lower Bowl,2,3434,9,8,88.9,16.1,1217.2,5,1,8.0,6,0
NFL-STH-10359,4,Club VIP,4,13426,9,7,77.8,25.1,2559.69,2,0,10.0,5,0
NFL-STH-10360,2,Club VIP,6,20533,9,9,100.0,0.0,6598.08,4,0,10.0,5,0
NFL-STH-10361,5,Lower Bowl,2,3170,9,4,44.4,50.5,547.96,4,0,10.0,3,0
NFL-STH-10362,3,Lower Bowl,4,6744,9,9,100.0,0.0,1952.28,2,2,6.0,4,0
NFL-STH-10363,4,Lower Bowl,4,6333,9,3,33.3,61.6,674.19,3,0,9.0,2,1
NFL-STH-10364,12,Lower Bowl,4,6981,9,7,77.8,10.2,1916.88,0,0,,3,0
NFL-STH-10365,2,Club VIP,2,6690,9,9,100.0,0.0,1649.97,7,0,10.0,3,0
NFL-STH-10366,13,Club VIP,4,12783,9,8,88.9,28.9,4119.92,0,1,,6,0
NFL-STH-10367,10,Lower Bowl,6,9508,9,8,88.9,11.2,2475.36,0,1,9.0,5,0
NFL-STH-10368,1,Lower Bowl,2,3131,9,6,66.7,31.1,971.34,1,0,9.0,4,0
NFL-STH-10369,1,Upper Bowl,2,1792,9,8,88.9,1.8,1014.08,1,1,,6,0
NFL-STH-10370,1,Upper Bowl,8,6683,9,3,33.3,85.0,753.42,0,0,,1,1
NFL-STH-10371,1,Upper Bowl,2,1766,9,6,66.7,22.6,544.08,1,0,8.0,2,0
NFL-STH-10372,1,Upper Bowl,4,3364,9,9,100.0,0.0,1178.37,5,1,8.0,5,0
NFL-STH-10373,5,Lower Bowl,2,3357,9,9,100.0,0.0,1451.07,0,1,8.0,5,0
NFL-STH-10374,1,Upper Bowl,2,1822,9,6,66.7,29.0,328.14,6,0,8.0,5,0
NFL-STH-10375,2,Lower Bowl,4,6826,9,4,44.4,59.8,1155.36,3,0,7.0,2,0
NFL-STH-10376,8,Lower Bowl,2,3405,9,9,100.0,0.0,934.29,4,1,9.0,4,0
NFL-STH-10377,1,Upper Bowl,2,1662,9,9,100.0,0.0,682.74,0,1,,5,0
NFL-STH-10378,7,Lower Bowl,2,3082,9,8,88.9,17.1,792.56,7,1,,5,0
NFL-STH-10379,2,Upper Bowl,4,3586,9,4,44.4,65.2,771.56,4,0,9.0,2,0
NFL-STH-10380,1,Upper Bowl,2,1708,9,7,77.8,40.3,442.82,0,2,,4,0
NFL-STH-10381,5,Upper Bowl,2,1725,9,7,77.8,27.3,637.28,2,3,,4,0
NFL-STH-10382,4,Upper Bowl,6,4868,9,6,66.7,22.7,1316.1,8,0,,3,0
NFL-STH-10383,9,Lower Bowl,2,3164,9,9,100.0,0.0,1139.13,3,1,9.0,5,0
NFL-STH-10384,6,Lower Bowl,4,6112,9,9,100.0,0.0,2419.83,2,0,10.0,4,0
NFL-STH-10385,7,Lower Bowl,2,3462,9,6,66.7,30.7,642.9,3,0,7.0,2,0
NFL-STH-10386,2,Lower Bowl,4,6313,9,8,88.9,14.2,2180.96,4,0,,8,0
NFL-STH-10387,1,Upper Bowl,2,1757,9,6,66.7,54.0,663.66,1,0,,1,0
NFL-STH-10388,6,Upper Bowl,6,4874,9,6,66.7,19.3,1159.86,5,0,,3,0
NFL-STH-10389,7,Upper Bowl,2,1785,9,8,88.9,23.1,827.52,1,1,,4,0
NFL-STH-10390,19,Lower Bowl,2,3195,9,8,88.9,12.9,1399.52,5,0,8.0,3,0
NFL-STH-10391,3,Lower Bowl,2,3471,9,8,88.9,19.5,844.16,2,0,9.0,5,0
NFL-STH-10392,2,Lower Bowl,2,3466,9,8,88.9,10.1,690.8,1,2,7.0,3,0
NFL-STH-10393,6,Club VIP,2,6392,9,8,88.9,2.7,2040.8,0,0,7.0,6,0
NFL-STH-10394,2,Upper Bowl,2,1844,9,6,66.7,40.8,414.3,2,0,,5,0
NFL-STH-10395,11,Lower Bowl,4,7036,9,9,100.0,0.0,3349.08,1,0,,4,0
NFL-STH-10396,8,Lower Bowl,2,3436,9,3,33.3,73.2,393.12,2,0,8.0,1,0
NFL-STH-10397,3,Club VIP,2,6891,9,8,88.9,20.8,1599.12,0,0,8.0,3,0
NFL-STH-10398,6,Upper Bowl,4,3356,9,8,88.9,11.0,912.88,3,1,8.0,4,0
NFL-STH-10399,6,Upper Bowl,4,3524,9,8,88.9,5.1,1628.8,6,0,,4,0
NFL-STH-10400,1,Lower Bowl,2,3072,9,6,66.7,17.7,677.16,2,1,7.0,4,1
NFL-STH-10401,10,Club VIP,2,6171,9,7,77.8,30.4,1695.33,0,0,,1,0
NFL-STH-10402,3,Lower Bowl,2,3519,9,7,77.8,26.4,1110.69,2,0,8.0,4,0
NFL-STH-10403,8,Lower Bowl,4,6393,9,6,66.7,23.6,1385.64,1,0,10.0,3,0
NFL-STH-10404,2,Upper Bowl,4,3611,9,5,55.6,39.0,790.8,6,0,8.0,3,0
NFL-STH-10405,10,Upper Bowl,2,1820,9,7,77.8,17.5,557.69,4,0,10.0,3,0
NFL-STH-10406,2,Lower Bowl,4,6903,9,9,100.0,0.0,2709.0,1,0,10.0,5,0
NFL-STH-10407,1,Lower Bowl,4,7037,9,6,66.7,18.5,1772.64,2,0,,1,0
NFL-STH-10408,10,Upper Bowl,4,3353,9,6,66.7,25.1,907.2,5,0,9.0,3,0
NFL-STH-10409,1,Lower Bowl,4,6118,9,8,88.9,0.0,2110.56,2,0,10.0,2,0
NFL-STH-10410,2,Upper Bowl,2,1719,9,6,66.7,29.2,435.36,3,0,9.0,6,0
NFL-STH-10411,12,Club VIP,2,6204,9,9,100.0,0.0,1495.08,2,0,10.0,5,0
NFL-STH-10412,13,Lower Bowl,2,3050,9,5,55.6,37.0,688.65,1,1,,2,0
NFL-STH-10413,4,Club VIP,2,6426,9,9,100.0,0.0,3011.49,5,0,8.0,4,0
NFL-STH-10414,4,Lower Bowl,2,3416,9,7,77.8,5.9,724.43,3,0,,2,0
NFL-STH-10415,3,Upper Bowl,6,5278,9,8,88.9,31.3,1548.96,3,0,10.0,8,0
NFL-STH-10416,2,Lower Bowl,2,3190,9,5,55.6,56.9,519.4,2,0,9.0,5,0
NFL-STH-10417,2,Club VIP,2,6708,9,9,100.0,0.0,2486.07,5,1,9.0,5,0
NFL-STH-10418,5,Club VIP,2,6302,9,8,88.9,3.3,2099.36,2,0,10.0,7,0
NFL-STH-10419,6,Lower Bowl,6,9140,9,7,77.8,24.9,2630.11,2,0,8.0,1,0
NFL-STH-10420,7,Lower Bowl,2,3406,9,5,55.6,48.6,512.3,2,1,7.0,4,0
NFL-STH-10421,7,Club VIP,2,6678,9,8,88.9,23.0,1956.96,0,0,,5,0
NFL-STH-10422,1,Upper Bowl,2,1809,9,9,100.0,0.0,438.39,3,0,9.0,7,0
NFL-STH-10423,3,Lower Bowl,2,3058,9,8,88.9,2.9,1074.4,5,0,10.0,4,0
NFL-STH-10424,1,Lower Bowl,8,13767,9,9,100.0,0.0,5621.22,2,0,10.0,5,0
NFL-STH-10425,4,Upper Bowl,6,5318,9,3,33.3,77.6,494.79,2,2,6.0,3,0
NFL-STH-10426,3,Club VIP,2,6620,9,9,100.0,0.0,1470.33,4,1,10.0,6,0
NFL-STH-10427,9,Upper Bowl,6,5322,9,5,55.6,38.9,1673.85,5,0,10.0,3,0
NFL-STH-10428,2,Lower Bowl,4,6909,9,7,77.8,8.8,1563.03,4,3,6.0,1,1
NFL-STH-10429,1,Upper Bowl,4,3529,9,7,77.8,29.4,1438.08,2,0,10.0,5,0
NFL-STH-10430,1,Upper Bowl,2,1763,9,7,77.8,35.1,538.44,2,0,,4,0
NFL-STH-10431,6,Upper Bowl,2,1867,9,6,66.7,59.2,460.56,2,1,8.0,1,0
NFL-STH-10432,4,Upper Bowl,2,1807,9,7,77.8,10.2,621.39,2,0,8.0,3,0
NFL-STH-10433,1,Lower Bowl,4,6504,9,8,88.9,18.1,1655.68,2,0,9.0,1,0
NFL-STH-10434,1,Upper Bowl,2,1795,9,8,88.9,7.0,661.2,3,0,9.0,2,0
NFL-STH-10435,5,Lower Bowl,2,3226,9,6,66.7,41.1,711.36,5,0,9.0,3,0
NFL-STH-10436,1,Lower Bowl,2,3149,9,6,66.7,18.6,542.34,3,0,8.0,3,0
NFL-STH-10437,7,Lower Bowl,4,6652,9,9,100.0,0.0,2522.25,3,0,10.0,7,0
NFL-STH-10438,5,Lower Bowl,2,3485,9,7,77.8,9.6,854.7,5,0,9.0,4,0
NFL-STH-10439,1,Lower Bowl,4,6971,9,8,88.9,3.3,2004.64,4,0,9.0,3,0
NFL-STH-10440,1,Lower Bowl,6,9612,9,7,77.8,23.0,1967.63,1,1,8.0,4,0
NFL-STH-10441,18,Lower Bowl,2,3293,9,8,88.9,4.7,1421.92,2,1,9.0,4,0
NFL-STH-10442,2,Upper Bowl,4,3337,9,3,33.3,73.3,585.21,1,0,9.0,1,0
NFL-STH-10443,2,Upper Bowl,2,1868,9,7,77.8,32.5,694.96,5,3,5.0,5,0
NFL-STH-10444,7,Lower Bowl,4,7021,9,9,100.0,0.0,2175.03,0,0,9.0,3,0
NFL-STH-10445,12,Lower Bowl,2,3351,9,9,100.0,0.0,703.08,5,0,9.0,5,0
NFL-STH-10446,18,Lower Bowl,4,6852,9,8,88.9,17.1,3017.44,4,0,10.0,6,0
NFL-STH-10447,6,Lower Bowl,4,6766,9,5,55.6,60.6,1281.65,3,0,8.0,2,0
NFL-STH-10448,2,Club VIP,6,19948,9,8,88.9,15.3,4861.44,3,0,10.0,5,0
NFL-STH-10449,1,Lower Bowl,4,6131,9,6,66.7,21.1,1710.06,3,0,6.0,2,0
NFL-STH-10450,7,Lower Bowl,2,3258,9,6,66.7,46.9,990.06,1,0,8.0,3,0
NFL-STH-10451,4,Upper Bowl,4,3574,9,4,44.4,49.5,636.32,1,0,,3,1
NFL-STH-10452,3,Lower Bowl,4,6730,9,7,77.8,31.3,2356.97,2,1,7.0,3,0
NFL-STH-10453,10,Lower Bowl,4,6438,9,8,88.9,26.8,2599.84,3,0,,4,0
NFL-STH-10454,1,Lower Bowl,2,3492,9,8,88.9,15.7,781.68,3,1,8.0,5,0
NFL-STH-10455,3,Club VIP,6,18721,9,9,100.0,0.0,5570.37,3,2,,7,0
NFL-STH-10456,1,Lower Bowl,4,6560,9,9,100.0,0.0,2857.05,4,0,9.0,3,0
NFL-STH-10457,3,Upper Bowl,4,3582,9,8,88.9,0.0,412.0,5,0,10.0,7,0
NFL-STH-10458,1,Lower Bowl,2,3374,9,8,88.9,1.9,1004.16,2,0,9.0,3,0
NFL-STH-10459,1,Lower Bowl,4,6702,9,7,77.8,35.4,1219.05,2,1,8.0,4,0
NFL-STH-10460,1,Upper Bowl,2,1685,9,6,66.7,31.6,422.82,3,0,8.0,3,0
NFL-STH-10461,5,Upper Bowl,4,3309,9,9,100.0,0.0,1332.45,2,0,8.0,3,0
NFL-STH-10462,6,Upper Bowl,2,1777,9,7,77.8,23.0,509.88,4,0,8.0,5,0
NFL-STH-10463,4,Lower Bowl,4,6655,9,7,77.8,29.8,1588.02,5,0,9.0,4,0
NFL-STH-10464,14,Upper Bowl,8,6642,9,6,66.7,40.3,1393.38,4,2,6.0,2,0
NFL-STH-10465,2,Lower Bowl,2,3378,9,9,100.0,0.0,1788.84,4,0,10.0,4,0
NFL-STH-10466,2,Lower Bowl,8,13033,9,9,100.0,0.0,6696.9,5,1,8.0,5,0
NFL-STH-10467,9,Club VIP,2,6721,9,6,66.7,36.1,1091.4,2,0,8.0,3,0
NFL-STH-10468,2,Lower Bowl,4,6883,9,5,55.6,42.3,1774.65,5,0,9.0,2,1
NFL-STH-10469,14,Lower Bowl,4,6242,9,9,100.0,0.0,2124.27,1,2,7.0,3,0
NFL-STH-10470,1,Lower Bowl,4,6098,9,5,55.6,41.3,1338.75,2,0,7.0,2,0
NFL-STH-10471,15,Upper Bowl,4,3627,9,6,66.7,41.9,944.82,3,2,8.0,4,0
NFL-STH-10472,1,Upper Bowl,4,3540,9,6,66.7,38.8,801.66,3,0,9.0,0,0
NFL-STH-10473,9,Upper Bowl,2,1793,9,6,66.7,30.7,598.08,3,0,9.0,4,0
NFL-STH-10474,4,Lower Bowl,2,3442,9,7,77.8,33.0,936.46,2,0,8.0,6,0
NFL-STH-10475,20,Upper Bowl,4,3639,9,8,88.9,9.8,1127.52,5,3,7.0,5,0
NFL-STH-10476,1,Club VIP,4,14004,9,9,100.0,0.0,3145.86,3,2,7.0,7,0
NFL-STH-10477,4,Upper Bowl,4,3503,9,7,77.8,13.7,869.82,2,0,10.0,5,0
NFL-STH-10478,14,Club VIP,4,13097,9,7,77.8,14.6,2211.02,3,0,,5,0
NFL-STH-10479,3,Upper Bowl,2,1717,9,6,66.7,23.5,481.44,6,0,9.0,5,0
NFL-STH-10480,4,Lower Bowl,4,6227,9,6,66.7,30.6,1129.2,8,0,8.0,3,0
NFL-STH-10481,5,Upper Bowl,2,1761,9,4,44.4,67.9,298.76,3,0,9.0,4,0
NFL-STH-10482,3,Upper Bowl,2,1685,9,7,77.8,14.1,751.8,0,0,8.0,5,0
NFL-STH-10483,4,Club VIP,2,6964,9,7,77.8,24.1,2099.72,5,2,6.0,6,0
NFL-STH-10484,4,Lower Bowl,2,3319,9,6,66.7,26.7,774.18,3,0,10.0,5,0
NFL-STH-10485,10,Upper Bowl,2,1766,9,4,44.4,53.0,313.04,4,1,8.0,3,0
NFL-STH-10486,1,Lower Bowl,2,3210,9,3,33.3,51.6,559.2,3,0,7.0,2,0
NFL-STH-10487,2,Upper Bowl,4,3256,9,5,55.6,42.2,904.15,2,0,8.0,1,0
NFL-STH-10488,13,Lower Bowl,2,3055,9,9,100.0,0.0,1081.53,3,2,7.0,3,0
NFL-STH-10489,9,Lower Bowl,2,3243,9,7,77.8,20.3,610.54,1,0,8.0,2,0
NFL-STH-10490,3,Lower Bowl,2,3080,9,9,100.0,0.0,1276.38,3,1,8.0,6,0
NFL-STH-10491,4,Lower Bowl,2,3331,9,6,66.7,38.7,929.28,0,2,7.0,4,0
NFL-STH-10492,2,Upper Bowl,2,1839,9,5,55.6,46.6,336.85,1,0,,4,0
NFL-STH-10493,1,Lower Bowl,2,3463,9,8,88.9,0.0,1109.92,3,0,9.0,3,0
NFL-STH-10494,3,Lower Bowl,4,6712,9,7,77.8,33.0,1667.33,1,0,,6,0
NFL-STH-10495,2,Lower Bowl,4,6282,9,6,66.7,35.4,1493.76,0,0,10.0,3,0
NFL-STH-10496,4,Lower Bowl,4,6908,9,8,88.9,13.1,885.84,0,0,9.0,5,0
NFL-STH-10497,1,Upper Bowl,2,1840,9,7,77.8,22.1,528.92,4,0,,5,0
NFL-STH-10498,15,Upper Bowl,2,1665,9,6,66.7,28.1,596.34,3,0,10.0,1,0
NFL-STH-10499,18,Lower Bowl,4,6787,9,4,44.4,57.8,888.48,4,0,8.0,2,0
NFL-STH-10500,5,Upper Bowl,2,1688,9,4,44.4,60.4,324.2,7,0,9.0,1,0
NFL-STH-10501,4,Upper Bowl,2,1819,9,9,100.0,0.0,583.92,3,0,8.0,5,0
NFL-STH-10502,2,Lower Bowl,2,3518,9,5,55.6,26.9,704.05,1,0,9.0,1,0
NFL-STH-10503,7,Upper Bowl,2,1622,9,5,55.6,39.0,378.35,3,0,9.0,2,0
NFL-STH-10504,5,Lower Bowl,2,3470,9,8,88.9,8.6,814.56,3,0,9.0,2,0
NFL-STH-10505,1,Club VIP,2,6677,9,9,100.0,0.0,2759.67,2,0,10.0,6,0
NFL-STH-10506,10,Upper Bowl,4,3726,9,9,100.0,0.0,1774.44,7,0,,5,0
NFL-STH-10507,7,Lower Bowl,2,3263,9,4,44.4,58.2,447.4,2,0,7.0,2,0
NFL-STH-10508,12,Upper Bowl,4,3662,9,7,77.8,34.1,1259.37,4,1,8.0,4,0
NFL-STH-10509,6,Upper Bowl,4,3261,9,6,66.7,25.6,1089.0,3,0,10.0,2,0
NFL-STH-10510,4,Club VIP,4,12803,9,9,100.0,0.0,4898.07,2,0,9.0,2,0
NFL-STH-10511,3,Upper Bowl,4,3264,9,6,66.7,28.3,553.38,0,2,,3,0
NFL-STH-10512,11,Lower Bowl,6,10524,9,9,100.0,0.0,4325.31,7,1,8.0,5,0
NFL-STH-10513,9,Lower Bowl,2,3432,9,9,100.0,0.0,1016.19,5,0,10.0,5,0
NFL-STH-10514,1,Upper Bowl,2,1832,9,5,55.6,39.3,364.2,5,0,9.0,2,1
NFL-STH-10515,1,Upper Bowl,2,1854,9,8,88.9,3.1,1062.08,1,0,8.0,4,0
NFL-STH-10516,2,Club VIP,4,12323,9,7,77.8,18.7,3571.33,4,0,10.0,6,0
NFL-STH-10517,7,Lower Bowl,4,6450,9,8,88.9,18.8,1894.56,4,3,6.0,4,0
NFL-STH-10518,18,Upper Bowl,2,1633,9,7,77.8,11.7,251.23,2,0,10.0,6,0
NFL-STH-10519,1,Upper Bowl,6,5006,9,6,66.7,37.6,1940.34,1,1,9.0,2,0
NFL-STH-10520,4,Upper Bowl,2,1673,9,7,77.8,5.2,371.7,4,0,8.0,4,0
NFL-STH-10521,2,Club VIP,6,19591,9,9,100.0,0.0,5125.32,5,3,5.0,5,0
NFL-STH-10522,15,Lower Bowl,2,3168,9,9,100.0,0.0,1080.54,5,0,8.0,4,0
NFL-STH-10523,8,Lower Bowl,2,3088,9,5,55.6,38.8,862.45,2,0,7.0,5,0
NFL-STH-10524,8,Upper Bowl,2,1657,9,8,88.9,7.8,763.68,6,0,9.0,6,0
NFL-STH-10525,3,Lower Bowl,2,3110,9,7,77.8,38.9,876.82,3,0,8.0,4,0
NFL-STH-10526,3,Lower Bowl,2,3507,9,3,33.3,64.0,417.75,4,0,9.0,2,0
NFL-STH-10527,2,Upper Bowl,2,1808,9,7,77.8,0.2,475.93,4,1,7.0,4,0
NFL-STH-10528,1,Club VIP,4,14018,9,9,100.0,0.0,4445.73,2,0,9.0,1,0
NFL-STH-10529,9,Upper Bowl,2,1727,9,7,77.8,2.2,570.29,10,1,8.0,3,0
NFL-STH-10530,7,Upper Bowl,2,1685,9,6,66.7,33.6,596.28,4,0,10.0,2,0
NFL-STH-10531,30,Upper Bowl,4,3637,9,5,55.6,50.5,993.45,3,0,10.0,1,0
NFL-STH-10532,23,Lower Bowl,4,6393,9,8,88.9,14.9,2317.12,0,2,7.0,5,0
NFL-STH-10533,4,Club VIP,2,6367,9,8,88.9,12.8,1775.04,2,0,10.0,5,0
NFL-STH-10534,6,Upper Bowl,2,1674,9,9,100.0,0.0,853.56,2,0,10.0,6,0
NFL-STH-10535,12,Upper Bowl,2,1648,9,6,66.7,44.9,468.96,1,0,7.0,2,0
NFL-STH-10536,8,Upper Bowl,2,1680,9,5,55.6,39.0,291.8,4,0,9.0,2,0
NFL-STH-10537,2,Club VIP,4,12842,9,9,100.0,0.0,3957.03,4,1,9.0,6,0
NFL-STH-10538,3,Upper Bowl,2,1786,9,7,77.8,31.1,571.83,2,0,10.0,4,0
NFL-STH-10539,1,Upper Bowl,2,1630,9,8,88.9,0.0,785.6,3,0,9.0,4,0
NFL-STH-10540,13,Upper Bowl,4,3337,9,8,88.9,2.1,1221.28,6,1,9.0,4,0
NFL-STH-10541,4,Upper Bowl,2,1821,9,5,55.6,26.3,279.1,2,0,,1,0
NFL-STH-10542,2,Upper Bowl,4,3304,9,8,88.9,8.4,1298.16,2,0,9.0,5,0
NFL-STH-10543,5,Upper Bowl,2,1702,9,9,100.0,0.0,740.43,4,2,6.0,3,0
NFL-STH-10544,4,Club VIP,6,20730,9,8,88.9,10.6,5983.04,5,0,10.0,5,0
NFL-STH-10545,2,Lower Bowl,2,3114,9,3,33.3,67.8,472.8,2,1,,1,0
NFL-STH-10546,1,Club VIP,4,12318,9,7,77.8,22.8,4073.23,2,0,9.0,2,0
NFL-STH-10547,5,Lower Bowl,4,6545,9,8,88.9,1.8,1794.8,4,1,,3,0
NFL-STH-10548,3,Lower Bowl,2,3185,9,8,88.9,9.2,892.16,3,2,,7,0
NFL-STH-10549,6,Club VIP,4,13241,9,9,100.0,0.0,3383.82,4,0,,6,0
NFL-STH-10550,3,Lower Bowl,6,10277,9,6,66.7,18.3,2717.34,3,0,10.0,3,0
NFL-STH-10551,8,Club VIP,4,12423,9,9,100.0,0.0,5623.92,2,0,9.0,5,0
NFL-STH-10552,4,Upper Bowl,4,3526,9,7,77.8,35.8,1031.8,5,0,,3,0
NFL-STH-10553,4,Upper Bowl,4,3487,9,7,77.8,19.2,1052.38,0,0,9.0,2,0
NFL-STH-10554,9,Club VIP,2,6218,9,9,100.0,0.0,2820.06,4,0,,7,0
NFL-STH-10555,3,Upper Bowl,2,1774,9,5,55.6,39.5,450.55,3,0,8.0,3,0
NFL-STH-10556,1,Lower Bowl,4,6342,9,6,66.7,49.2,1717.02,1,2,6.0,4,0
NFL-STH-10557,1,Lower Bowl,2,3274,9,7,77.8,9.8,659.89,4,0,10.0,2,0
NFL-STH-10558,6,Club VIP,4,12317,9,9,100.0,0.0,4930.83,4,0,,2,0
NFL-STH-10559,4,Lower Bowl,6,9781,9,9,100.0,0.0,2757.42,3,0,8.0,5,0
NFL-STH-10560,5,Upper Bowl,2,1693,9,6,66.7,22.0,343.92,0,0,9.0,5,0
NFL-STH-10561,1,Upper Bowl,2,1824,9,5,55.6,33.4,365.3,3,0,,2,0
NFL-STH-10562,1,Club VIP,4,12269,9,9,100.0,0.0,3792.78,5,0,10.0,4,0
NFL-STH-10563,1,Club VIP,2,6481,9,9,100.0,0.0,2060.28,1,1,7.0,6,0
NFL-STH-10564,2,Lower Bowl,4,6520,9,5,55.6,43.7,867.7,5,3,,1,1
NFL-STH-10565,4,Lower Bowl,2,3388,9,8,88.9,15.4,1270.08,2,0,10.0,2,0
NFL-STH-10566,2,Lower Bowl,4,6631,9,7,77.8,29.6,2293.62,2,0,9.0,4,0
NFL-STH-10567,3,Lower Bowl,2,3360,9,8,88.9,36.8,572.64,2,0,8.0,4,0
NFL-STH-10568,10,Upper Bowl,4,3626,9,4,44.4,33.1,796.56,3,0,,3,0
NFL-STH-10569,2,Upper Bowl,2,1834,9,7,77.8,28.3,446.53,5,0,9.0,4,0
NFL-STH-10570,3,Lower Bowl,4,6381,9,5,55.6,38.8,1557.1,5,0,,3,0
NFL-STH-10571,7,Upper Bowl,2,1752,9,5,55.6,38.5,393.15,2,0,9.0,3,0
NFL-STH-10572,3,Lower Bowl,4,6886,9,7,77.8,16.0,1832.11,3,1,,6,0
NFL-STH-10573,4,Lower Bowl,4,7029,9,6,66.7,24.2,1493.34,0,0,7.0,4,0
NFL-STH-10574,8,Lower Bowl,2,3466,9,4,44.4,72.4,665.44,4,0,8.0,3,0
NFL-STH-10575,12,Upper Bowl,2,1709,9,7,77.8,30.6,386.47,2,0,8.0,4,0
NFL-STH-10576,1,Upper Bowl,2,1664,9,7,77.8,22.4,645.12,8,1,,4,0
NFL-STH-10577,11,Upper Bowl,4,3479,9,6,66.7,46.8,1224.3,5,2,7.0,3,0
NFL-STH-10578,3,Lower Bowl,4,6791,9,7,77.8,7.1,2120.86,4,0,9.0,4,0
NFL-STH-10579,2,Upper Bowl,2,1740,9,8,88.9,0.0,1011.92,3,0,10.0,5,0
NFL-STH-10580,3,Club VIP,2,6543,9,9,100.0,0.0,1921.95,3,0,10.0,3,0
NFL-STH-10581,16,Upper Bowl,2,1828,9,9,100.0,0.0,892.35,1,0,10.0,5,0
NFL-STH-10582,3,Lower Bowl,4,6426,9,5,55.6,22.6,1268.15,1,0,,0,0
NFL-STH-10583,2,Lower Bowl,2,3452,9,8,88.9,4.1,1336.0,3,0,,5,0
NFL-STH-10584,5,Lower Bowl,8,12941,9,8,88.9,12.7,4152.64,4,0,10.0,4,0
NFL-STH-10585,2,Upper Bowl,2,1698,9,6,66.7,34.3,433.44,2,0,10.0,5,0
NFL-STH-10586,1,Club VIP,4,13031,9,8,88.9,12.6,4884.88,2,0,9.0,4,0
NFL-STH-10587,1,Upper Bowl,2,1809,9,6,66.7,19.2,421.02,4,2,5.0,2,1
NFL-STH-10588,1,Lower Bowl,2,3100,9,6,66.7,41.3,525.72,2,0,9.0,1,0
NFL-STH-10589,1,Upper Bowl,4,3330,9,4,44.4,58.0,557.32,3,0,7.0,0,1
NFL-STH-10590,1,Upper Bowl,4,3715,9,6,66.7,40.6,1108.56,2,0,9.0,4,0
NFL-STH-10591,5,Upper Bowl,8,6639,9,4,44.4,36.7,1725.44,1,0,9.0,2,0
NFL-STH-10592,1,Lower Bowl,2,3312,9,7,77.8,25.3,933.31,4,0,8.0,4,0
NFL-STH-10593,2,Lower Bowl,2,3318,9,6,66.7,21.4,1017.3,3,0,9.0,3,0
NFL-STH-10594,10,Club VIP,4,13100,9,9,100.0,0.0,3097.62,2,0,10.0,6,0
NFL-STH-10595,3,Upper Bowl,4,3558,9,9,100.0,0.0,1280.43,4,0,10.0,3,0
NFL-STH-10596,5,Lower Bowl,2,3150,9,9,100.0,0.0,1092.06,2,0,9.0,3,0
NFL-STH-10597,1,Lower Bowl,2,3305,9,5,55.6,40.4,632.8,3,0,,3,0
NFL-STH-10598,1,Lower Bowl,2,3218,9,7,77.8,27.5,927.64,0,0,9.0,5,0
NFL-STH-10599,1,Club VIP,4,13430,9,9,100.0,0.0,4941.81,4,0,10.0,7,0
NFL-STH-10600,1,Upper Bowl,2,1651,9,9,100.0,0.0,639.9,4,0,10.0,4,0
NFL-STH-10601,2,Club VIP,2,6628,9,8,88.9,12.0,1975.6,3,0,6.0,5,0
NFL-STH-10602,1,Upper Bowl,2,1662,9,6,66.7,24.8,474.6,0,0,10.0,2,0
NFL-STH-10603,1,Lower Bowl,2,3173,9,7,77.8,22.3,715.54,0,0,9.0,3,1
NFL-STH-10604,1,Club VIP,2,6289,9,6,66.7,18.0,1405.92,3,3,5.0,3,1
NFL-STH-10605,3,Lower Bowl,2,3127,9,9,100.0,0.0,1131.21,2,2,8.0,5,0
NFL-STH-10606,1,Club VIP,2,6872,9,7,77.8,33.7,1622.25,3,0,9.0,6,0
NFL-STH-10607,2,Lower Bowl,4,6354,9,7,77.8,20.1,1833.37,2,1,,2,0
NFL-STH-10608,3,Upper Bowl,2,1851,9,7,77.8,33.4,570.57,6,0,10.0,3,0
NFL-STH-10609,5,Club VIP,2,7011,9,9,100.0,0.0,1965.51,4,2,8.0,1,0
NFL-STH-10610,1,Upper Bowl,4,3521,9,6,66.7,28.0,1265.46,3,0,7.0,3,0
NFL-STH-10611,7,Club VIP,4,12434,9,7,77.8,17.0,2541.35,4,0,9.0,3,0
NFL-STH-10612,4,Lower Bowl,2,3219,9,8,88.9,3.5,866.96,6,0,,7,0
NFL-STH-10613,1,Upper Bowl,2,1818,9,7,77.8,31.0,949.2,3,0,10.0,3,0
NFL-STH-10614,9,Lower Bowl,2,3216,9,5,55.6,37.3,494.3,0,0,9.0,2,0
NFL-STH-10615,11,Club VIP,4,12327,9,8,88.9,17.5,2756.96,0,2,6.0,3,0
NFL-STH-10616,1,Lower Bowl,8,13229,9,5,55.6,40.6,3040.7,7,0,9.0,2,0
NFL-STH-10617,2,Lower Bowl,4,6891,9,8,88.9,0.0,1082.96,5,0,8.0,5,0
NFL-STH-10618,7,Upper Bowl,4,3635,9,6,66.7,27.6,903.54,2,1,6.0,1,0
NFL-STH-10619,6,Lower Bowl,4,6248,9,6,66.7,21.5,2332.5,6,0,10.0,0,0
NFL-STH-10620,1,Upper Bowl,2,1786,9,4,44.4,55.9,196.4,6,0,8.0,4,0
NFL-STH-10621,1,Upper Bowl,2,1671,9,2,22.2,65.9,80.72,2,0,8.0,0,0
NFL-STH-10622,2,Lower Bowl,4,6289,9,7,77.8,31.5,1190.35,4,0,,5,0
NFL-STH-10623,3,Upper Bowl,6,5513,9,6,66.7,32.4,1763.4,2,0,8.0,3,0
NFL-STH-10624,4,Lower Bowl,2,3159,9,6,66.7,31.5,982.44,1,0,,4,0
NFL-STH-10625,2,Upper Bowl,4,3364,9,3,33.3,73.3,418.5,5,0,7.0,0,0
NFL-STH-10626,3,Club VIP,2,6080,9,8,88.9,20.7,2193.28,7,0,10.0,6,0
NFL-STH-10627,6,Upper Bowl,2,1837,9,6,66.7,33.1,646.86,0,1,8.0,3,0
NFL-STH-10628,1,Lower Bowl,2,3420,9,6,66.7,25.6,1101.72,2,0,9.0,4,0
NFL-STH-10629,2,Lower Bowl,2,3341,9,6,66.7,15.6,735.66,0,0,10.0,4,0
NFL-STH-10630,5,Upper Bowl,4,3612,9,7,77.8,15.3,475.58,4,0,10.0,3,0
NFL-STH-10631,10,Upper Bowl,2,1653,9,9,100.0,0.0,572.22,5,0,,7,0
NFL-STH-10632,3,Club VIP,4,13039,9,9,100.0,0.0,3935.88,2,0,9.0,4,0
NFL-STH-10633,4,Lower Bowl,4,6417,9,8,88.9,4.9,1955.68,1,0,8.0,2,0
NFL-STH-10634,1,Upper Bowl,6,4916,9,4,44.4,56.7,914.92,3,0,8.0,1,0
NFL-STH-10635,3,Upper Bowl,2,1738,9,7,77.8,18.7,716.66,2,0,8.0,2,0
NFL-STH-10636,4,Upper Bowl,2,1849,9,4,44.4,62.5,421.96,3,0,10.0,3,0
NFL-STH-10637,2,Upper Bowl,2,1625,9,6,66.7,27.2,459.42,3,0,10.0,4,0
NFL-STH-10638,2,Upper Bowl,8,6757,9,6,66.7,32.7,2447.28,5,0,8.0,3,0
NFL-STH-10639,2,Upper Bowl,6,5003,9,6,66.7,45.1,1568.76,4,0,9.0,5,0
NFL-STH-10640,1,Lower Bowl,2,3154,9,8,88.9,14.5,1055.52,2,0,8.0,2,0
NFL-STH-10641,2,Club VIP,4,13904,9,7,77.8,21.6,3994.55,7,0,10.0,5,0
NFL-STH-10642,1,Upper Bowl,2,1734,9,7,77.8,16.2,570.15,3,1,10.0,2,0
NFL-STH-10643,2,Upper Bowl,4,3467,9,4,44.4,49.3,969.24,3,0,7.0,4,0
NFL-STH-10644,1,Club VIP,2,6810,9,7,77.8,13.7,1176.56,0,0,9.0,3,0
NFL-STH-10645,9,Lower Bowl,4,6228,9,7,77.8,16.8,1603.63,6,1,8.0,5,0
NFL-STH-10646,4,Upper Bowl,2,1739,9,7,77.8,29.8,542.29,3,0,9.0,6,0
NFL-STH-10647,5,Lower Bowl,4,6492,9,9,100.0,0.0,2577.33,0,0,,4,0
NFL-STH-10648,7,Lower Bowl,4,6653,9,8,88.9,8.9,2688.64,6,0,9.0,5,0
NFL-STH-10649,3,Lower Bowl,4,7039,9,3,33.3,53.2,775.62,3,0,7.0,1,0
NFL-STH-10650,1,Lower Bowl,2,3409,9,7,77.8,39.9,611.31,6,0,10.0,4,0
NFL-STH-10651,4,Lower Bowl,2,3230,9,8,88.9,14.3,1242.24,1,0,,6,0
NFL-STH-10652,4,Lower Bowl,2,3437,9,6,66.7,19.2,915.9,5,0,10.0,1,0
NFL-STH-10653,6,Club VIP,2,6243,9,9,100.0,0.0,1286.19,4,0,10.0,5,0
NFL-STH-10654,3,Upper Bowl,2,1622,9,2,22.2,73.4,159.84,4,1,5.0,1,0
NFL-STH-10655,1,Lower Bowl,6,9414,9,6,66.7,34.4,1481.34,4,0,9.0,3,0
NFL-STH-10656,2,Upper Bowl,4,3403,9,6,66.7,50.3,800.46,1,2,,3,0
NFL-STH-10657,2,Upper Bowl,2,1745,9,4,44.4,44.5,247.76,1,2,7.0,3,1
NFL-STH-10658,5,Lower Bowl,2,3335,9,8,88.9,20.9,1234.24,9,2,7.0,6,0
NFL-STH-10659,4,Upper Bowl,2,1847,9,4,44.4,69.6,329.36,6,1,,2,0
NFL-STH-10660,2,Lower Bowl,4,6569,9,8,88.9,4.8,1462.88,4,0,10.0,5,0
NFL-STH-10661,18,Upper Bowl,2,1742,9,5,55.6,41.6,488.0,2,0,,3,1
NFL-STH-10662,4,Lower Bowl,6,9192,9,8,88.9,0.7,2087.68,3,0,,4,0
NFL-STH-10663,2,Upper Bowl,2,1623,9,6,66.7,31.3,519.6,4,0,8.0,3,0
NFL-STH-10664,1,Upper Bowl,8,7022,9,5,55.6,44.0,1274.4,4,1,,5,0
NFL-STH-10665,1,Lower Bowl,4,6500,9,7,77.8,28.8,1666.42,2,3,,4,1
NFL-STH-10666,2,Club VIP,2,6885,9,7,77.8,33.1,1856.47,1,0,9.0,4,0
NFL-STH-10667,1,Upper Bowl,6,4967,9,6,66.7,25.8,1627.74,4,0,9.0,5,0
NFL-STH-10668,1,Upper Bowl,2,1621,9,7,77.8,2.5,747.18,1,0,10.0,5,0
NFL-STH-10669,2,Lower Bowl,4,6511,9,8,88.9,10.9,2040.48,4,0,,7,0
NFL-STH-10670,1,Upper Bowl,2,1675,9,8,88.9,14.0,689.04,5,0,,1,0
NFL-STH-10671,10,Lower Bowl,4,6127,9,6,66.7,35.8,1402.44,2,0,10.0,3,0
NFL-STH-10672,1,Upper Bowl,4,3599,9,6,66.7,30.0,1003.68,4,1,8.0,5,0
NFL-STH-10673,3,Lower Bowl,4,6187,9,6,66.7,34.5,1718.22,2,0,9.0,6,0
NFL-STH-10674,3,Upper Bowl,4,3540,9,7,77.8,37.4,1092.49,3,1,7.0,3,0
NFL-STH-10675,17,Lower Bowl,2,3174,9,7,77.8,26.0,531.23,4,0,10.0,4,0
NFL-STH-10676,1,Lower Bowl,2,3123,9,7,77.8,18.5,979.58,4,1,8.0,3,0
NFL-STH-10677,3,Club VIP,2,6444,9,8,88.9,6.1,2065.84,3,0,10.0,2,0
NFL-STH-10678,14,Club VIP,2,6849,9,9,100.0,0.0,1853.91,5,1,10.0,5,0
NFL-STH-10679,9,Lower Bowl,4,6456,9,9,100.0,0.0,1646.46,3,0,8.0,6,0
NFL-STH-10680,7,Lower Bowl,2,3400,9,9,100.0,0.0,1568.52,2,0,9.0,4,0
NFL-STH-10681,2,Upper Bowl,8,6587,9,4,44.4,53.9,1437.28,1,0,,1,0
NFL-STH-10682,1,Club VIP,4,13643,9,5,55.6,60.8,2285.45,4,1,5.0,3,0
NFL-STH-10683,5,Lower Bowl,4,6307,9,7,77.8,20.4,1342.46,2,0,,3,0
NFL-STH-10684,11,Lower Bowl,2,3365,9,9,100.0,0.0,948.15,4,0,10.0,6,0
NFL-STH-10685,4,Club VIP,4,13246,9,9,100.0,0.0,5492.34,5,0,9.0,5,0
NFL-STH-10686,4,Club VIP,6,20915,9,9,100.0,0.0,6665.85,0,0,10.0,4,0
NFL-STH-10687,2,Lower Bowl,2,3225,9,7,77.8,22.0,794.36,2,1,8.0,2,0
NFL-STH-10688,6,Lower Bowl,4,6143,9,9,100.0,0.0,2615.22,2,0,9.0,4,0
NFL-STH-10689,1,Lower Bowl,4,6098,9,8,88.9,6.3,1689.12,2,0,,3,0
NFL-STH-10690,2,Lower Bowl,2,3436,9,6,66.7,44.3,1050.18,1,3,5.0,4,1
NFL-STH-10691,3,Lower Bowl,2,3291,9,5,55.6,64.0,852.9,2,1,7.0,4,0
NFL-STH-10692,3,Club VIP,2,6824,9,9,100.0,0.0,1950.03,2,1,7.0,5,0
NFL-STH-10693,2,Lower Bowl,2,3152,9,7,77.8,26.7,777.98,7,0,9.0,5,0
NFL-STH-10694,1,Upper Bowl,2,1702,9,8,88.9,11.9,221.12,2,0,10.0,4,0
NFL-STH-10695,4,Lower Bowl,2,3054,9,7,77.8,22.6,598.85,3,0,10.0,5,0
NFL-STH-10696,2,Upper Bowl,2,1860,9,5,55.6,20.6,266.05,1,0,7.0,2,0
NFL-STH-10697,4,Lower Bowl,2,3360,9,6,66.7,40.8,804.36,4,0,10.0,2,0
NFL-STH-10698,1,Upper Bowl,6,5558,9,5,55.6,45.7,1102.15,2,0,10.0,3,0
NFL-STH-10699,3,Upper Bowl,2,1682,9,5,55.6,48.7,265.45,3,0,8.0,4,0
NFL-STH-10700,4,Lower Bowl,6,10000,9,7,77.8,15.1,2552.9,5,0,10.0,3,0
NFL-STH-10701,1,Upper Bowl,2,1788,9,5,55.6,40.6,450.55,3,1,6.0,0,0
NFL-STH-10702,2,Club VIP,2,6384,9,8,88.9,7.0,2131.12,3,0,9.0,4,0
NFL-STH-10703,1,Club VIP,2,6894,9,5,55.6,54.6,725.1,3,0,,5,0
NFL-STH-10704,1,Upper Bowl,2,1856,9,4,44.4,51.8,309.72,4,2,6.0,4,0
NFL-STH-10705,19,Upper Bowl,2,1840,9,8,88.9,31.9,418.64,6,0,10.0,5,0
NFL-STH-10706,2,Club VIP,4,13579,9,6,66.7,37.6,3421.02,5,0,8.0,4,0
NFL-STH-10707,7,Lower Bowl,2,3173,9,6,66.7,20.5,921.12,1,2,8.0,2,0
NFL-STH-10708,2,Club VIP,4,12700,9,7,77.8,20.9,2731.4,4,2,6.0,3,0
NFL-STH-10709,5,Lower Bowl,4,7004,9,9,100.0,0.0,1926.36,1,0,10.0,6,0
NFL-STH-10710,6,Upper Bowl,2,1617,9,6,66.7,26.8,424.62,3,0,10.0,4,0
NFL-STH-10711,4,Lower Bowl,2,3383,9,7,77.8,0.3,436.94,4,0,8.0,5,0
NFL-STH-10712,3,Lower Bowl,4,6757,9,7,77.8,38.2,1961.12,4,0,10.0,2,0
NFL-STH-10713,3,Lower Bowl,2,3338,9,5,55.6,51.4,609.05,5,0,8.0,3,0
NFL-STH-10714,2,Club VIP,2,7030,9,9,100.0,0.0,2596.59,3,0,,4,0
NFL-STH-10715,11,Lower Bowl,8,12758,9,8,88.9,16.4,3105.52,1,0,10.0,5,0
NFL-STH-10716,8,Upper Bowl,2,1701,9,6,66.7,35.0,405.72,1,0,10.0,3,0
NFL-STH-10717,14,Upper Bowl,4,3270,9,8,88.9,0.0,797.92,4,0,9.0,5,0
NFL-STH-10718,1,Upper Bowl,8,6911,9,7,77.8,17.4,1677.62,5,0,,4,0
NFL-STH-10719,6,Club VIP,2,6330,9,9,100.0,0.0,1628.1,2,0,,4,0
NFL-STH-10720,12,Upper Bowl,2,1702,9,3,33.3,75.1,299.76,4,0,9.0,1,0
NFL-STH-10721,1,Upper Bowl,2,1827,9,8,88.9,0.6,528.24,6,0,8.0,5,0
NFL-STH-10722,1,Upper Bowl,2,1853,9,8,88.9,0.0,659.84,3,0,9.0,6,0
NFL-STH-10723,6,Lower Bowl,2,3129,9,9,100.0,0.0,1067.22,3,0,10.0,5,0
NFL-STH-10724,4,Lower Bowl,4,6437,9,5,55.6,42.1,919.15,3,0,10.0,3,0
NFL-STH-10725,8,Lower Bowl,2,3485,9,5,55.6,43.0,624.75,2,0,,2,0
NFL-STH-10726,1,Club VIP,2,6139,9,7,77.8,23.6,1889.72,4,0,9.0,2,0
NFL-STH-10727,7,Lower Bowl,8,12337,9,7,77.8,29.5,2625.49,2,0,9.0,6,0
NFL-STH-10728,1,Lower Bowl,4,6236,9,8,88.9,17.5,2468.4,1,0,9.0,5,0
NFL-STH-10729,1,Lower Bowl,4,6651,9,7,77.8,24.8,1463.14,2,0,9.0,5,0
NFL-STH-10730,1,Upper Bowl,2,1653,9,6,66.7,45.3,422.04,2,0,10.0,3,0
NFL-STH-10731,7,Lower Bowl,4,7009,9,8,88.9,0.0,2334.72,4,0,9.0,5,0
NFL-STH-10732,5,Club VIP,2,6508,9,9,100.0,0.0,1861.47,4,0,10.0,4,0
NFL-STH-10733,3,Upper Bowl,2,1742,9,6,66.7,38.3,484.5,3,0,10.0,4,0
NFL-STH-10734,2,Upper Bowl,2,1677,9,6,66.7,39.6,442.26,4,2,6.0,3,0
NFL-STH-10735,9,Upper Bowl,4,3470,9,4,44.4,43.2,660.68,4,0,10.0,1,0
NFL-STH-10736,2,Upper Bowl,2,1783,9,6,66.7,18.3,194.34,1,0,10.0,2,1
NFL-STH-10737,7,Lower Bowl,2,3400,9,9,100.0,0.0,675.99,5,2,,2,0
NFL-STH-10738,3,Upper Bowl,2,1807,9,7,77.8,14.7,646.24,4,1,8.0,3,0
NFL-STH-10739,2,Club VIP,2,6634,9,9,100.0,0.0,2626.74,1,0,7.0,3,0
NFL-STH-10740,3,Lower Bowl,4,6948,9,6,66.7,26.7,1232.22,5,0,10.0,4,0
NFL-STH-10741,2,Lower Bowl,4,6864,9,7,77.8,29.7,1717.52,4,0,,5,0
NFL-STH-10742,6,Lower Bowl,4,6806,9,8,88.9,5.0,2221.44,1,0,9.0,8,0
NFL-STH-10743,3,Club VIP,2,6133,9,6,66.7,24.7,1647.96,2,0,9.0,3,0
NFL-STH-10744,2,Upper Bowl,2,1616,9,8,88.9,5.0,315.6,4,0,,2,0
NFL-STH-10745,10,Upper Bowl,2,1669,9,8,88.9,22.3,498.24,2,0,,6,0
NFL-STH-10746,2,Lower Bowl,2,3358,9,8,88.9,11.2,960.16,6,0,9.0,4,0
NFL-STH-10747,4,Club VIP,2,6474,9,8,88.9,9.3,2201.28,4,0,,3,0
NFL-STH-10748,10,Upper Bowl,4,3435,9,7,77.8,21.1,1819.58,6,1,8.0,2,0
NFL-STH-10749,4,Upper Bowl,2,1840,9,4,44.4,68.5,301.76,4,1,,2,1
NFL-STH-10750,1,Lower Bowl,2,3469,9,5,55.6,36.9,438.95,4,0,8.0,1,0
NFL-STH-10751,12,Upper Bowl,2,1846,9,6,66.7,46.5,528.3,2,0,9.0,4,0
NFL-STH-10752,4,Lower Bowl,2,3190,9,6,66.7,35.4,1017.78,1,0,,4,0
NFL-STH-10753,2,Lower Bowl,2,3371,9,6,66.7,31.7,799.44,3,0,8.0,3,0
NFL-STH-10754,1,Upper Bowl,8,6737,9,8,88.9,36.1,1979.76,2,2,7.0,5,1
NFL-STH-10755,7,Lower Bowl,4,6262,9,7,77.8,11.6,2222.36,4,1,,7,0
NFL-STH-10756,4,Lower Bowl,6,9385,9,6,66.7,29.8,2698.32,5,0,8.0,3,0
NFL-STH-10757,4,Upper Bowl,2,1702,9,8,88.9,0.0,475.84,0,0,7.0,3,0
NFL-STH-10758,9,Upper Bowl,2,1724,9,7,77.8,31.7,613.41,5,0,,3,0
NFL-STH-10759,7,Club VIP,2,6877,9,8,88.9,28.0,2318.88,3,0,9.0,5,0
NFL-STH-10760,1,Club VIP,2,6195,9,8,88.9,27.8,2392.72,3,0,,4,0
NFL-STH-10761,2,Club VIP,4,13571,9,9,100.0,0.0,4260.24,5,0,10.0,6,0
NFL-STH-10762,2,Upper Bowl,2,1750,9,9,100.0,0.0,655.56,0,0,8.0,8,0
NFL-STH-10763,6,Lower Bowl,2,3178,9,8,88.9,23.3,1334.56,3,0,9.0,4,0
NFL-STH-10764,1,Club VIP,2,6553,9,6,66.7,31.3,1076.94,1,0,10.0,5,0
NFL-STH-10765,4,Upper Bowl,2,1691,9,7,77.8,18.5,621.39,2,2,5.0,6,0
NFL-STH-10766,6,Lower Bowl,4,6652,9,6,66.7,16.6,1066.8,3,0,9.0,2,0
NFL-STH-10767,9,Lower Bowl,2,3248,9,9,100.0,0.0,1457.64,1,0,9.0,8,0
NFL-STH-10768,2,Lower Bowl,2,3118,9,8,88.9,31.5,978.08,1,0,,2,0
NFL-STH-10769,7,Upper Bowl,2,1644,9,8,88.9,15.8,842.96,4,0,,4,0
NFL-STH-10770,1,Club VIP,2,6604,9,6,66.7,28.4,1587.42,5,0,8.0,1,0
NFL-STH-10771,8,Lower Bowl,4,6946,9,8,88.9,24.4,1492.88,5,0,10.0,7,0
NFL-STH-10772,1,Upper Bowl,4,3405,9,6,66.7,23.6,1301.94,2,1,,3,0
NFL-STH-10773,3,Lower Bowl,6,10175,9,9,100.0,0.0,4766.49,2,0,8.0,6,0
NFL-STH-10774,7,Lower Bowl,4,6712,9,8,88.9,15.2,2503.52,3,0,10.0,3,0
NFL-STH-10775,1,Lower Bowl,2,3487,9,6,66.7,31.6,642.9,5,0,8.0,4,0
NFL-STH-10776,2,Club VIP,4,13736,9,9,100.0,0.0,4044.6,6,1,8.0,6,0
NFL-STH-10777,6,Lower Bowl,2,3311,9,6,66.7,39.7,806.16,3,2,6.0,2,0
NFL-STH-10778,6,Lower Bowl,2,3355,9,8,88.9,10.5,871.12,1,0,,5,0
NFL-STH-10779,5,Lower Bowl,4,6942,9,8,88.9,0.0,2892.32,2,0,8.0,7,0
NFL-STH-10780,5,Club VIP,2,6463,9,8,88.9,11.9,1977.76,2,0,10.0,5,0
NFL-STH-10781,4,Upper Bowl,6,5094,9,7,77.8,32.7,544.6,2,0,10.0,3,0
NFL-STH-10782,2,Upper Bowl,2,1617,9,6,66.7,33.0,520.74,2,0,9.0,4,0
NFL-STH-10783,2,Upper Bowl,4,3651,9,7,77.8,30.0,1022.49,2,0,8.0,4,0
NFL-STH-10784,1,Upper Bowl,4,3638,9,7,77.8,11.7,1099.0,3,0,8.0,6,0
NFL-STH-10785,10,Lower Bowl,4,6180,9,6,66.7,33.0,1427.28,4,0,10.0,3,0
NFL-STH-10786,4,Upper Bowl,4,3524,9,5,55.6,38.2,961.4,3,0,8.0,2,0
NFL-STH-10787,3,Lower Bowl,4,6525,9,6,66.7,40.8,1963.08,2,1,8.0,4,1
NFL-STH-10788,3,Upper Bowl,2,1645,9,7,77.8,22.5,599.62,2,0,8.0,4,0
NFL-STH-10789,12,Upper Bowl,2,1865,9,5,55.6,51.3,366.05,5,0,9.0,4,0
NFL-STH-10790,1,Upper Bowl,2,1669,9,6,66.7,44.2,475.02,3,0,7.0,4,0
NFL-STH-10791,4,Upper Bowl,4,3264,9,6,66.7,40.2,964.68,2,0,7.0,5,0
NFL-STH-10792,3,Lower Bowl,2,3325,9,6,66.7,36.0,635.58,1,0,9.0,3,0
NFL-STH-10793,4,Lower Bowl,4,6789,9,6,66.7,23.3,1768.44,5,0,6.0,3,0
NFL-STH-10794,1,Lower Bowl,2,3055,9,9,100.0,0.0,1294.2,2,0,10.0,3,0
NFL-STH-10795,9,Lower Bowl,2,3356,9,8,88.9,11.1,1409.68,2,0,10.0,6,0
NFL-STH-10796,11,Club VIP,4,13182,9,7,77.8,16.9,4238.71,5,0,8.0,4,0
NFL-STH-10797,4,Upper Bowl,2,1641,9,4,44.4,52.2,265.16,2,0,,2,0
NFL-STH-10798,5,Upper Bowl,2,1658,9,7,77.8,18.5,674.87,3,2,,4,0
NFL-STH-10799,11,Lower Bowl,2,3312,9,8,88.9,1.3,811.76,0,0,10.0,3,0
NFL-STH-10800,5,Upper Bowl,6,5071,9,8,88.9,0.0,2254.08,0,0,9.0,6,0
NFL-STH-10801,1,Upper Bowl,4,3708,9,6,66.7,26.6,836.04,1,0,9.0,5,0
NFL-STH-10802,4,Upper Bowl,2,1823,9,7,77.8,24.1,416.71,4,1,,3,0
NFL-STH-10803,4,Upper Bowl,2,1865,9,7,77.8,8.7,599.2,6,0,,4,0
NFL-STH-10804,3,Lower Bowl,2,3164,9,7,77.8,22.4,348.32,3,0,,6,0
NFL-STH-10805,6,Upper Bowl,4,3724,9,8,88.9,30.1,719.68,1,1,6.0,5,0
NFL-STH-10806,11,Upper Bowl,4,3449,9,8,88.9,21.3,1223.2,0,0,10.0,5,0
NFL-STH-10807,11,Lower Bowl,2,3206,9,9,100.0,0.0,1192.23,0,0,7.0,5,0
NFL-STH-10808,3,Lower Bowl,2,3064,9,5,55.6,60.8,594.6,0,0,8.0,4,0
NFL-STH-10809,1,Upper Bowl,2,1628,9,4,44.4,59.5,193.64,1,1,6.0,2,0
NFL-STH-10810,17,Lower Bowl,4,6744,9,9,100.0,0.0,1898.37,3,0,10.0,5,0
NFL-STH-10811,8,Upper Bowl,4,3463,9,8,88.9,22.8,1405.2,5,0,8.0,5,0
NFL-STH-10812,1,Upper Bowl,2,1672,9,7,77.8,15.0,641.48,7,0,8.0,1,0
NFL-STH-10813,11,Lower Bowl,2,3334,9,9,100.0,0.0,1165.59,0,0,9.0,7,0
NFL-STH-10814,9,Lower Bowl,2,3161,9,8,88.9,4.7,1317.68,4,0,10.0,2,0
NFL-STH-10815,3,Upper Bowl,6,5286,9,6,66.7,5.9,1583.04,2,0,,3,0
NFL-STH-10816,4,Lower Bowl,2,3212,9,7,77.8,34.1,753.06,2,0,,3,0
NFL-STH-10817,3,Club VIP,4,13741,9,9,100.0,0.0,4067.55,4,0,10.0,5,0
NFL-STH-10818,1,Club VIP,4,13735,9,8,88.9,26.5,2717.68,0,0,10.0,5,0
NFL-STH-10819,2,Lower Bowl,2,3269,9,6,66.7,27.8,760.56,3,1,9.0,2,0
NFL-STH-10820,7,Upper Bowl,2,1704,9,8,88.9,8.6,817.92,1,0,,3,0
NFL-STH-10821,1,Lower Bowl,2,3214,9,7,77.8,14.7,1053.92,3,1,9.0,5,0
NFL-STH-10822,2,Upper Bowl,4,3640,9,8,88.9,14.9,1728.64,6,0,9.0,6,0
NFL-STH-10823,3,Lower Bowl,4,6395,9,9,100.0,0.0,2176.47,3,0,10.0,5,0
NFL-STH-10824,4,Lower Bowl,4,6280,9,9,100.0,0.0,3066.93,5,0,9.0,3,0
NFL-STH-10825,11,Upper Bowl,2,1636,9,7,77.8,33.4,532.91,2,0,,4,0
NFL-STH-10826,2,Upper Bowl,2,1734,9,6,66.7,15.9,656.58,1,3,5.0,3,0
NFL-STH-10827,2,Club VIP,6,19628,9,9,100.0,0.0,6450.48,4,1,,4,0
NFL-STH-10828,6,Lower Bowl,4,6887,9,8,88.9,15.2,2419.44,7,0,10.0,3,0
NFL-STH-10829,3,Club VIP,2,6292,9,7,77.8,19.4,2196.32,2,0,7.0,4,0
NFL-STH-10830,2,Lower Bowl,8,12891,9,9,100.0,0.0,4471.11,4,0,,5,0
NFL-STH-10831,3,Upper Bowl,4,3642,9,5,55.6,45.5,843.7,4,0,10.0,1,0
NFL-STH-10832,1,Club VIP,4,13741,9,7,77.8,26.8,4262.23,0,0,10.0,3,0
NFL-STH-10833,1,Lower Bowl,4,6449,9,6,66.7,31.4,1512.12,5,0,,3,0
NFL-STH-10834,3,Lower Bowl,4,6520,9,8,88.9,10.1,1446.0,7,0,,5,0
NFL-STH-10835,3,Upper Bowl,4,3384,9,6,66.7,31.2,1474.32,1,0,9.0,3,0
NFL-STH-10836,10,Upper Bowl,2,1852,9,6,66.7,43.0,423.6,2,1,7.0,4,0
NFL-STH-10837,2,Club VIP,2,6193,9,7,77.8,26.4,1735.58,3,1,,5,0
NFL-STH-10838,4,Upper Bowl,6,5559,9,5,55.6,46.6,1546.8,1,0,9.0,2,0
NFL-STH-10839,5,Lower Bowl,2,3368,9,6,66.7,20.6,670.5,2,1,,3,0
NFL-STH-10840,1,Lower Bowl,2,3295,9,9,100.0,0.0,897.84,2,0,10.0,4,0
NFL-STH-10841,5,Upper Bowl,2,1623,9,5,55.6,40.6,425.35,1,0,9.0,3,0
NFL-STH-10842,1,Upper Bowl,2,1736,9,7,77.8,31.2,308.98,7,0,,4,1
NFL-STH-10843,13,Upper Bowl,4,3437,9,8,88.9,11.5,1187.84,0,0,10.0,5,0
NFL-STH-10844,1,Lower Bowl,6,9352,9,7,77.8,28.8,2884.35,8,0,10.0,4,0
NFL-STH-10845,3,Lower Bowl,2,3355,9,9,100.0,0.0,1097.1,3,1,10.0,6,0
NFL-STH-10846,1,Upper Bowl,2,1862,9,6,66.7,51.0,294.78,3,2,6.0,3,0
NFL-STH-10847,24,Lower Bowl,2,3309,9,7,77.8,32.6,1244.81,0,0,,3,0
NFL-STH-10848,3,Lower Bowl,4,6766,9,2,22.2,78.7,532.42,3,1,7.0,2,1
NFL-STH-10849,4,Lower Bowl,4,6145,9,7,77.8,17.1,2421.09,1,0,,5,0
NFL-STH-10850,1,Upper Bowl,2,1721,9,4,44.4,30.1,299.2,3,0,8.0,2,0
NFL-STH-10851,6,Lower Bowl,4,6191,9,8,88.9,9.4,1657.6,1,0,9.0,4,0
NFL-STH-10852,1,Lower Bowl,4,6668,9,8,88.9,7.8,2209.2,1,0,10.0,4,0
NFL-STH-10853,10,Upper Bowl,4,3708,9,5,55.6,48.3,756.85,5,0,7.0,2,0
NFL-STH-10854,1,Club VIP,6,20145,9,6,66.7,31.8,3260.04,4,0,10.0,4,0
NFL-STH-10855,1,Lower Bowl,2,3076,9,4,44.4,52.4,696.36,9,0,10.0,2,0
NFL-STH-10856,1,Lower Bowl,4,6420,9,8,88.9,0.0,1781.28,2,0,7.0,5,0
NFL-STH-10857,3,Club VIP,2,6608,9,7,77.8,12.8,1035.93,2,0,9.0,5,0
NFL-STH-10858,4,Club VIP,4,12934,9,9,100.0,0.0,5515.38,2,0,10.0,4,0
NFL-STH-10859,1,Lower Bowl,4,6880,9,9,100.0,0.0,2067.66,2,0,10.0,7,0
NFL-STH-10860,6,Upper Bowl,4,3645,9,9,100.0,0.0,1221.21,4,0,10.0,3,0
NFL-STH-10861,3,Lower Bowl,4,6667,9,2,22.2,82.6,308.16,1,0,8.0,0,1
NFL-STH-10862,3,Upper Bowl,2,1710,9,8,88.9,28.3,918.56,2,1,8.0,3,0
NFL-STH-10863,3,Lower Bowl,2,3162,9,5,55.6,43.4,456.6,2,0,7.0,1,0
NFL-STH-10864,3,Lower Bowl,8,12363,9,5,55.6,47.7,2635.05,3,0,8.0,3,0
NFL-STH-10865,4,Lower Bowl,6,9631,9,8,88.9,20.6,3777.12,1,0,9.0,3,0
NFL-STH-10866,1,Lower Bowl,2,3238,9,8,88.9,3.0,1141.2,1,0,9.0,6,0
NFL-STH-10867,1,Upper Bowl,2,1787,9,7,77.8,25.9,551.67,5,0,8.0,6,0
NFL-STH-10868,8,Lower Bowl,2,3355,9,7,77.8,14.8,552.65,4,0,,3,0
NFL-STH-10869,12,Lower Bowl,4,6147,9,7,77.8,30.8,1479.94,7,3,,6,0
NFL-STH-10870,2,Upper Bowl,4,3431,9,8,88.9,12.6,1340.08,1,0,10.0,1,0
NFL-STH-10871,2,Upper Bowl,2,1661,9,9,100.0,0.0,578.34,2,0,,4,0
NFL-STH-10872,5,Upper Bowl,2,1654,9,9,100.0,0.0,756.63,5,0,10.0,4,0
NFL-STH-10873,3,Lower Bowl,4,6874,9,8,88.9,14.1,2407.2,4,0,10.0,5,0
NFL-STH-10874,1,Upper Bowl,4,3251,9,5,55.6,36.6,992.5,5,0,9.0,2,0
NFL-STH-10875,1,Lower Bowl,2,3241,9,7,77.8,29.3,652.47,4,0,8.0,6,0
NFL-STH-10876,6,Lower Bowl,4,6241,9,6,66.7,54.1,2350.8,3,1,,2,0
NFL-STH-10877,5,Lower Bowl,2,3462,9,7,77.8,12.1,1071.14,4,0,8.0,5,0
NFL-STH-10878,1,Lower Bowl,2,3307,9,8,88.9,7.7,1039.6,6,1,8.0,4,0
NFL-STH-10879,2,Lower Bowl,4,6302,9,7,77.8,24.5,2277.59,4,0,9.0,5,0
NFL-STH-10880,2,Lower Bowl,4,6562,9,8,88.9,19.0,3215.36,6,0,10.0,6,0
NFL-STH-10881,5,Upper Bowl,4,3603,9,4,44.4,50.0,409.8,2,0,,2,0
NFL-STH-10882,1,Lower Bowl,4,6999,9,6,66.7,5.0,1478.88,4,0,8.0,4,0
NFL-STH-10883,1,Club VIP,4,12583,9,9,100.0,0.0,2179.44,0,1,8.0,4,0
NFL-STH-10884,7,Club VIP,2,6930,9,7,77.8,35.8,1747.41,3,0,10.0,5,0
NFL-STH-10885,1,Upper Bowl,2,1853,9,7,77.8,29.8,611.17,1,0,10.0,4,0
NFL-STH-10886,5,Lower Bowl,2,3479,9,8,88.9,0.0,1030.64,4,2,7.0,4,0
NFL-STH-10887,2,Lower Bowl,2,3344,9,4,44.4,49.5,441.44,2,1,,3,0
NFL-STH-10888,1,Upper Bowl,4,3551,9,7,77.8,37.9,546.14,3,1,7.0,4,0
NFL-STH-10889,2,Upper Bowl,8,6871,9,9,100.0,0.0,3148.92,4,2,7.0,4,0
NFL-STH-10890,6,Lower Bowl,2,3401,9,9,100.0,0.0,1562.94,5,0,10.0,6,0
NFL-STH-10891,8,Upper Bowl,2,1750,9,9,100.0,0.0,613.62,2,1,8.0,7,0
NFL-STH-10892,8,Upper Bowl,4,3575,9,7,77.8,36.7,1243.2,4,0,10.0,4,0
NFL-STH-10893,3,Upper Bowl,2,1724,9,9,100.0,0.0,437.76,5,1,8.0,5,0
NFL-STH-10894,5,Lower Bowl,4,6782,9,7,77.8,31.6,2012.01,4,1,8.0,4,0
NFL-STH-10895,1,Upper Bowl,4,3650,9,6,66.7,31.5,865.56,5,0,,4,0
NFL-STH-10896,2,Lower Bowl,4,6220,9,8,88.9,11.9,1714.0,1,1,8.0,3,0
NFL-STH-10897,10,Lower Bowl,2,3439,9,7,77.8,20.9,750.33,3,0,,6,0
NFL-STH-10898,1,Lower Bowl,2,3299,9,9,100.0,0.0,1063.71,5,0,10.0,5,0
NFL-STH-10899,1,Club VIP,4,13781,9,9,100.0,0.0,4664.16,1,0,10.0,5,0
NFL-STH-10900,1,Club VIP,4,12988,9,9,100.0,0.0,3139.02,0,2,8.0,4,0
NFL-STH-10901,1,Upper Bowl,2,1711,9,6,66.7,44.6,432.36,1,0,8.0,1,0
NFL-STH-10902,1,Club VIP,4,13916,9,9,100.0,0.0,4282.65,2,0,10.0,5,0
NFL-STH-10903,4,Lower Bowl,2,3160,9,8,88.9,2.3,776.24,3,0,9.0,1,0
NFL-STH-10904,3,Lower Bowl,4,6890,9,7,77.8,14.1,2574.6,1,2,8.0,5,0
NFL-STH-10905,9,Club VIP,2,6544,9,7,77.8,32.3,1381.31,2,0,7.0,6,0
NFL-STH-10906,7,Upper Bowl,6,5238,9,8,88.9,10.7,1598.64,2,1,7.0,6,1
NFL-STH-10907,2,Lower Bowl,2,3188,9,8,88.9,24.9,805.2,5,1,9.0,5,0
NFL-STH-10908,2,Lower Bowl,2,3315,9,9,100.0,0.0,1655.55,1,0,,6,0
NFL-STH-10909,2,Lower Bowl,2,3196,9,7,77.8,15.5,1026.13,3,0,10.0,6,0
NFL-STH-10910,4,Lower Bowl,2,3058,9,8,88.9,10.6,815.2,2,0,,5,0
NFL-STH-10911,2,Club VIP,4,12682,9,8,88.9,1.9,4724.96,4,1,9.0,5,0
NFL-STH-10912,4,Upper Bowl,8,6466,9,7,77.8,22.3,2352.42,5,1,7.0,5,0
NFL-STH-10913,3,Upper Bowl,2,1864,9,6,66.7,18.5,510.9,3,0,10.0,4,0
NFL-STH-10914,4,Lower Bowl,2,3503,9,6,66.7,28.4,718.02,3,1,7.0,2,0
NFL-STH-10915,3,Upper Bowl,4,3431,9,8,88.9,0.0,1040.16,3,0,10.0,5,0
NFL-STH-10916,2,Upper Bowl,4,3601,9,7,77.8,29.1,1214.57,2,0,8.0,3,0
NFL-STH-10917,12,Upper Bowl,4,3406,9,8,88.9,18.3,1105.6,3,1,,4,0
NFL-STH-10918,6,Lower Bowl,2,3362,9,7,77.8,4.9,1291.5,6,0,7.0,4,0
NFL-STH-10919,1,Lower Bowl,2,3426,9,6,66.7,46.6,551.52,2,1,7.0,4,0
NFL-STH-10920,9,Lower Bowl,4,6988,9,9,100.0,0.0,3169.53,1,0,10.0,5,0
NFL-STH-10921,3,Upper Bowl,2,1717,9,3,33.3,85.0,233.31,3,1,6.0,1,0
NFL-STH-10922,9,Upper Bowl,4,3629,9,9,100.0,0.0,1547.64,1,0,9.0,6,0
NFL-STH-10923,7,Lower Bowl,2,3167,9,6,66.7,33.8,929.94,4,0,9.0,4,0
NFL-STH-10924,3,Lower Bowl,4,7030,9,8,88.9,4.7,1777.52,5,1,8.0,6,0
NFL-STH-10925,1,Upper Bowl,2,1621,9,4,44.4,83.8,389.12,2,0,8.0,1,1
NFL-STH-10926,2,Upper Bowl,4,3537,9,9,100.0,0.0,465.3,3,0,9.0,5,0
NFL-STH-10927,4,Upper Bowl,2,1783,9,8,88.9,0.0,524.8,0,3,6.0,4,0
NFL-STH-10928,5,Upper Bowl,4,3580,9,7,77.8,22.4,861.28,1,0,,4,0
NFL-STH-10929,2,Lower Bowl,2,3097,9,7,77.8,24.0,646.73,7,2,7.0,2,0
NFL-STH-10930,1,Lower Bowl,4,6980,9,7,77.8,35.7,1729.7,6,0,8.0,4,0
NFL-STH-10931,8,Upper Bowl,4,3322,9,4,44.4,59.2,701.72,2,0,8.0,2,0
NFL-STH-10932,17,Club VIP,4,13355,9,7,77.8,17.2,3851.89,2,1,6.0,2,0
NFL-STH-10933,3,Lower Bowl,4,6293,9,9,100.0,0.0,2470.05,3,0,10.0,4,0
NFL-STH-10934,1,Upper Bowl,4,3386,9,7,77.8,12.7,933.59,4,0,7.0,5,0
NFL-STH-10935,2,Lower Bowl,4,6604,9,6,66.7,29.9,1692.84,3,0,7.0,4,0
NFL-STH-10936,1,Upper Bowl,2,1721,9,8,88.9,1.0,659.92,4,1,8.0,3,0
NFL-STH-10937,10,Lower Bowl,4,6233,9,8,88.9,11.6,2529.28,1,0,8.0,3,0
NFL-STH-10938,1,Upper Bowl,2,1658,9,6,66.7,27.7,573.24,4,0,9.0,3,0
NFL-STH-10939,4,Club VIP,2,6481,9,8,88.9,0.0,1932.16,3,0,10.0,4,0
NFL-STH-10940,2,Lower Bowl,2,3403,9,5,55.6,57.0,515.4,4,0,8.0,2,0
NFL-STH-10941,4,Upper Bowl,2,1843,9,6,66.7,28.3,401.64,4,0,10.0,4,0
NFL-STH-10942,5,Lower Bowl,4,6160,9,8,88.9,0.0,1816.08,4,0,10.0,4,0
NFL-STH-10943,8,Upper Bowl,4,3430,9,4,44.4,53.9,589.56,3,0,,3,0
NFL-STH-10944,1,Upper Bowl,4,3281,9,8,88.9,11.8,1365.76,0,0,9.0,2,0
NFL-STH-10945,1,Club VIP,2,6095,9,9,100.0,0.0,2481.84,4,0,10.0,4,0
NFL-STH-10946,1,Lower Bowl,2,3357,9,7,77.8,4.7,899.29,3,0,,3,0
NFL-STH-10947,10,Lower Bowl,2,3329,9,9,100.0,0.0,1174.32,6,0,10.0,6,0
NFL-STH-10948,9,Lower Bowl,2,3118,9,7,77.8,25.5,940.1,1,1,,5,0
NFL-STH-10949,4,Upper Bowl,2,1674,9,9,100.0,0.0,627.12,3,0,10.0,5,0
NFL-STH-10950,4,Upper Bowl,2,1621,9,7,77.8,11.7,430.43,3,0,10.0,3,0
NFL-STH-10951,5,Upper Bowl,2,1827,9,7,77.8,39.3,314.23,3,0,10.0,3,0
NFL-STH-10952,1,Upper Bowl,4,3727,9,6,66.7,38.5,793.14,3,0,10.0,4,0
NFL-STH-10953,10,Lower Bowl,4,6210,9,6,66.7,29.3,1730.34,2,1,7.0,3,0
NFL-STH-10954,3,Upper Bowl,8,6696,9,9,100.0,0.0,2373.93,3,3,,4,0
NFL-STH-10955,2,Upper Bowl,6,5509,9,5,55.6,36.9,1128.65,3,0,7.0,5,0
NFL-STH-10956,3,Upper Bowl,4,3702,9,8,88.9,10.1,1429.28,3,0,8.0,5,0
NFL-STH-10957,1,Upper Bowl,2,1722,9,7,77.8,28.3,632.87,2,0,8.0,3,0
NFL-STH-10958,1,Lower Bowl,4,6128,9,6,66.7,33.0,1171.38,2,0,10.0,3,0
NFL-STH-10959,6,Upper Bowl,4,3250,9,4,44.4,53.4,799.52,2,1,8.0,2,0
NFL-STH-10960,1,Lower Bowl,2,3315,9,8,88.9,11.7,1310.56,5,0,10.0,4,0
NFL-STH-10961,4,Lower Bowl,2,3228,9,7,77.8,16.2,672.7,2,0,8.0,1,0
NFL-STH-10962,2,Lower Bowl,4,6107,9,8,88.9,7.7,1684.56,6,0,8.0,7,0
NFL-STH-10963,2,Upper Bowl,2,1763,9,6,66.7,12.4,622.92,4,0,9.0,3,0
NFL-STH-10964,2,Upper Bowl,4,3235,9,8,88.9,20.8,1233.04,3,0,,6,0
NFL-STH-10965,2,Upper Bowl,4,3631,9,3,33.3,69.7,213.63,3,1,,3,1
NFL-STH-10966,6,Upper Bowl,2,1693,9,6,66.7,25.6,312.06,0,0,10.0,4,0
NFL-STH-10967,2,Lower Bowl,2,3059,9,6,66.7,52.3,735.12,5,0,9.0,5,0
NFL-STH-10968,4,Upper Bowl,2,1765,9,5,55.6,45.3,283.7,2,0,,1,0
NFL-STH-10969,3,Lower Bowl,2,3230,9,8,88.9,0.7,940.8,3,0,10.0,2,0
NFL-STH-10970,5,Lower Bowl,2,3507,9,6,66.7,41.9,785.82,3,0,10.0,4,0
NFL-STH-10971,12,Lower Bowl,4,6602,9,9,100.0,0.0,3129.66,4,0,,4,0
NFL-STH-10972,6,Upper Bowl,2,1685,9,7,77.8,26.2,519.33,2,0,10.0,4,0
NFL-STH-10973,1,Upper Bowl,2,1795,9,5,55.6,48.3,507.25,5,0,8.0,2,0
NFL-STH-10974,1,Lower Bowl,2,3170,9,8,88.9,6.8,1382.88,1,1,8.0,4,0
NFL-STH-10975,2,Club VIP,6,20844,9,9,100.0,0.0,8416.35,4,0,10.0,9,0
NFL-STH-10976,4,Upper Bowl,2,1710,9,5,55.6,48.9,428.5,0,1,10.0,2,0
NFL-STH-10977,1,Club VIP,2,6607,9,6,66.7,30.7,851.04,6,0,9.0,2,0
NFL-STH-10978,3,Upper Bowl,4,3255,9,4,44.4,61.2,713.72,2,0,8.0,2,0
NFL-STH-10979,4,Upper Bowl,4,3447,9,8,88.9,0.0,1615.52,2,0,10.0,3,0
NFL-STH-10980,2,Lower Bowl,2,3439,9,8,88.9,6.8,1020.56,1,2,8.0,3,0
NFL-STH-10981,6,Lower Bowl,4,6853,9,7,77.8,39.4,2552.76,4,0,,4,0
NFL-STH-10982,1,Upper Bowl,2,1672,9,6,66.7,25.6,583.2,1,0,7.0,3,0
NFL-STH-10983,1,Upper Bowl,2,1672,9,7,77.8,16.2,639.59,4,0,,0,0
NFL-STH-10984,6,Lower Bowl,2,3432,9,9,100.0,0.0,1463.31,3,0,,6,0
NFL-STH-10985,3,Upper Bowl,2,1852,9,5,55.6,39.9,433.35,2,0,9.0,3,0
NFL-STH-10986,5,Club VIP,4,12343,9,6,66.7,21.2,1384.32,3,1,6.0,4,0
NFL-STH-10987,3,Lower Bowl,2,3256,9,7,77.8,0.1,805.21,3,0,9.0,2,0
NFL-STH-10988,2,Upper Bowl,2,1701,9,7,77.8,19.9,727.58,3,0,8.0,3,0
NFL-STH-10989,7,Upper Bowl,4,3674,9,8,88.9,12.5,1021.6,1,0,9.0,6,0
NFL-STH-10990,7,Lower Bowl,4,6160,9,8,88.9,10.6,1972.72,2,0,9.0,2,0
NFL-STH-10991,5,Upper Bowl,2,1668,9,9,100.0,0.0,531.9,4,0,8.0,4,0
NFL-STH-10992,2,Lower Bowl,4,6802,9,7,77.8,20.8,2569.28,2,1,8.0,2,0
NFL-STH-10993,4,Lower Bowl,2,3064,9,8,88.9,11.5,1443.52,5,0,,7,0
NFL-STH-10994,2,Club VIP,4,13105,9,8,88.9,21.3,3132.88,4,1,8.0,4,0
NFL-STH-10995,1,Upper Bowl,4,3455,9,5,55.6,42.5,829.45,4,1,9.0,2,0
NFL-STH-10996,10,Lower Bowl,6,9601,9,8,88.9,5.4,2630.08,3,0,10.0,4,0
NFL-STH-10997,1,Lower Bowl,2,3229,9,8,88.9,8.3,1187.6,1,0,8.0,4,0
NFL-STH-10998,13,Lower Bowl,2,3294,9,9,100.0,0.0,1307.61,0,0,9.0,4,0
NFL-STH-10999,3,Upper Bowl,2,1656,9,4,44.4,61.4,384.92,2,1,,3,1
